simple_date,year,steps,mins_asleep,efficiency
2011-01-24,2011,22260,504,99
2011-01-25,2011,13900,481,96
2011-01-26,2011,19229,478,96
2011-01-27,2011,13103,474,96
2011-01-28,2011,7374,491,96
2011-01-29,2011,19132,436,96
2011-01-30,2011,17157,447,98
2011-01-31,2011,19759,456,99
2011-02-01,2011,18157,455,98
2011-02-02,2011,8768,465,97
2011-02-03,2011,9150,411,98
2011-02-04,2011,10094,490,99
2011-02-05,2011,19923,475,96
2011-02-07,2011,16503,505,94
2011-02-08,2011,14353,369,97
2011-02-09,2011,9965,472,93
2011-02-10,2011,20882,402,96
2011-02-11,2011,20585,456,98
2011-02-12,2011,6457,503,99
2011-02-14,2011,11877,482,98
2011-02-15,2011,19842,405,94
2011-02-16,2011,20758,442,95
2011-02-17,2011,15499,391,100
2011-02-18,2011,16929,369,98
2011-02-19,2011,19658,459,94
2011-02-20,2011,7639,356,100
2011-02-20,2011,7639,356,100
2011-02-23,2011,17201,502,93
2011-02-24,2011,19821,472,93
2011-02-25,2011,16303,429,93
2011-02-26,2011,9607,463,95
2011-02-27,2011,21666,488,99
2011-02-28,2011,20480,452,98
2011-03-01,2011,10313,473,100
2011-03-02,2011,8406,473,92
2011-03-03,2011,17580,411,96
2011-03-04,2011,18612,521,98
2011-03-05,2011,14256,448,99
2011-03-06,2011,13573,374,98
2011-03-08,2011,20419,412,100
2011-03-12,2011,17207,311,98
2011-03-14,2011,15386,452,96
2011-03-15,2011,19773,431,93
2011-03-16,2011,15172,419,99
2011-03-17,2011,14961,494,99
2011-03-20,2011,16909,488,99
2011-03-21,2011,21371,453,97
2011-03-22,2011,17443,431,98
2011-03-22,2011,17443,431,98
2011-03-23,2011,10854,445,98
2011-03-24,2011,17736,459,98
2011-03-25,2011,16357,397,97
2011-03-26,2011,17743,460,97
2011-03-27,2011,11313,464,97
2011-03-28,2011,21676,471,97
2011-03-29,2011,15927,478,99
2011-03-30,2011,11040,453,99
2011-03-31,2011,22471,411,94
2011-04-01,2011,16908,445,97
2011-04-02,2011,24754,448,100
2011-04-03,2011,11932,446,97
2011-04-04,2011,23661,483,98
2011-04-05,2011,20876,457,98
2011-04-06,2011,20127,373,98
2011-04-07,2011,9274,487,95
2011-04-08,2011,19724,451,97
2011-04-09,2011,19312,536,98
2011-04-10,2011,17982,474,99
2011-04-11,2011,22837,510,99
2011-04-12,2011,12942,410,96
2011-04-13,2011,21591,480,100
2011-04-14,2011,21298,509,98
2011-04-15,2011,13753,504,96
2011-04-16,2011,8566,461,99
2011-04-17,2011,26745,407,98
2011-05-03,2011,3180,448,98
2011-05-04,2011,18630,486,98
2011-05-05,2011,20220,433,100
2011-05-06,2011,18150,441,96
2011-05-07,2011,21807,432,100
2011-05-08,2011,13968,467,100
2011-05-09,2011,22213,501,100
2011-05-10,2011,18989,438,97
2011-05-11,2011,20994,528,97
2011-05-12,2011,8967,431,98
2011-05-13,2011,16423,420,100
2011-05-14,2011,15547,145,81
2011-05-14,2011,15547,489,99
2011-05-15,2011,8047,424,99
2011-05-16,2011,24856,404,98
2011-05-17,2011,14500,413,96
2011-05-19,2011,13623,310,74
2011-05-20,2011,17975,853,77
2011-05-21,2011,18715,439,98
2011-05-21,2011,18715,439,98
2011-05-22,2011,20068,468,95
2011-05-23,2011,10436,492,98
2011-05-24,2011,16169,481,97
2011-05-25,2011,16767,548,97
2011-05-26,2011,19695,437,94
2011-05-27,2011,8785,399,91
2011-05-28,2011,19872,464,93
2011-05-29,2011,19724,533,93
2011-05-30,2011,17905,558,97
2011-05-31,2011,9949,497,100
2011-06-01,2011,16615,466,98
2011-06-02,2011,19437,491,97
2011-06-03,2011,16404,433,88
2011-06-04,2011,17220,385,100
2011-06-05,2011,11603,494,100
2011-06-06,2011,21085,506,99
2011-06-07,2011,20648,501,99
2011-06-08,2011,17762,501,100
2011-06-09,2011,11172,471,96
2011-06-10,2011,24390,409,97
2011-06-11,2011,21644,542,99
2011-06-12,2011,20945,444,97
2011-06-13,2011,15253,501,98
2011-06-14,2011,18568,549,92
2011-06-15,2011,18173,526,99
2011-06-16,2011,17025,512,98
2011-06-17,2011,18343,563,98
2011-06-18,2011,13037,562,98
2011-06-19,2011,18097,474,97
2011-06-20,2011,21474,488,97
2011-06-20,2011,21474,488,97
2011-06-21,2011,14037,457,100
2011-06-22,2011,11857,481,92
2011-06-23,2011,21578,449,94
2011-06-24,2011,20464,451,97
2011-06-25,2011,16321,433,93
2011-06-26,2011,8569,470,91
2011-06-27,2011,19639,462,94
2011-06-28,2011,17007,425,100
2011-06-29,2011,16847,466,100
2011-06-30,2011,15885,452,95
2011-07-01,2011,7930,432,96
2011-07-02,2011,16480,431,93
2011-07-03,2011,18865,415,91
2011-07-04,2011,8217,469,98
2011-07-05,2011,19501,436,88
2011-07-06,2011,21594,450,93
2011-07-07,2011,18443,404,94
2011-07-08,2011,16316,407,96
2011-07-09,2011,18281,495,95
2011-07-10,2011,15138,464,99
2011-07-11,2011,19845,424,94
2011-07-12,2011,15331,441,100
2011-07-13,2011,14942,447,89
2011-07-15,2011,13757,506,95
2011-07-16,2011,15988,444,93
2011-07-17,2011,14726,386,95
2011-07-18,2011,15877,489,97
2011-07-19,2011,13414,464,94
2011-07-20,2011,15681,495,97
2011-07-20,2011,15681,495,97
2011-07-21,2011,19622,407,92
2011-07-22,2011,17670,427,95
2011-07-23,2011,17124,440,93
2011-07-24,2011,9173,496,91
2011-07-25,2011,21702,445,100
2011-07-26,2011,20842,368,89
2011-07-27,2011,15900,415,91
2011-07-28,2011,10195,415,92
2011-07-29,2011,18348,479,94
2011-07-30,2011,19248,362,99
2011-07-31,2011,12796,446,93
2011-08-01,2011,17579,495,100
2011-08-02,2011,17521,433,93
2011-08-03,2011,26129,386,96
2011-08-04,2011,23899,458,95
2011-08-05,2011,16785,440,100
2011-08-06,2011,20766,479,94
2011-08-07,2011,6110,451,89
2011-08-08,2011,17487,497,94
2011-08-09,2011,19163,530,90
2011-08-10,2011,22435,395,92
2011-08-11,2011,15893,392,87
2011-08-12,2011,18603,473,93
2011-08-13,2011,12366,422,89
2011-08-14,2011,18142,398,94
2011-08-15,2011,20059,327,92
2011-08-16,2011,17571,525,92
2011-08-17,2011,16159,451,100
2011-08-18,2011,15842,446,91
2011-08-19,2011,19849,452,90
2011-08-19,2011,19849,452,90
2011-08-20,2011,7886,430,93
2011-08-21,2011,15870,521,93
2011-08-22,2011,14574,433,100
2011-08-23,2011,15847,451,100
2011-08-24,2011,5921,486,89
2011-08-25,2011,11195,445,100
2011-08-26,2011,12245,469,100
2011-09-03,2011,12424,501,89
2011-09-04,2011,19565,446,91
2011-09-05,2011,14838,500,93
2011-09-06,2011,16902,486,92
2011-09-07,2011,21283,451,93
2011-09-08,2011,15733,486,99
2011-09-09,2011,19666,453,93
2011-09-10,2011,14793,467,92
2011-09-11,2011,10436,493,90
2011-09-17,2011,8627,767,81
2011-09-18,2011,18118,550,93
2011-09-18,2011,18118,550,93
2011-09-19,2011,19787,493,94
2011-09-20,2011,20341,477,95
2011-09-21,2011,19043,459,96
2011-09-22,2011,17123,464,92
2011-09-23,2011,20434,411,91
2011-09-24,2011,11692,464,94
2011-09-25,2011,18034,516,92
2011-09-26,2011,20910,491,93
2011-09-27,2011,16386,423,87
2011-09-28,2011,20473,451,93
2011-09-29,2011,10306,433,96
2011-09-30,2011,20284,10,100
2011-09-30,2011,20284,471,98
2011-10-01,2011,18720,450,94
2011-10-02,2011,11521,503,94
2011-10-03,2011,18729,463,95
2011-10-04,2011,18384,484,91
2011-10-05,2011,13505,478,95
2011-10-06,2011,21951,431,89
2011-10-07,2011,17593,439,92
2011-10-08,2011,10683,511,90
2011-10-09,2011,13744,484,90
2011-10-10,2011,26768,404,88
2011-10-11,2011,18472,461,92
2011-10-12,2011,9168,414,100
2011-10-13,2011,17348,526,96
2011-10-14,2011,18738,474,91
2011-10-15,2011,20284,14,100
2011-10-15,2011,20284,481,95
2011-10-17,2011,24376,475,92
2011-10-18,2011,18920,36,100
2011-10-18,2011,18920,416,92
2011-10-18,2011,18920,36,100
2011-10-18,2011,18920,416,92
2011-10-20,2011,19562,442,97
2011-10-21,2011,16404,433,92
2011-10-22,2011,21780,469,98
2011-10-23,2011,22697,493,95
2011-10-24,2011,21359,498,98
2011-10-25,2011,19229,427,94
2011-10-27,2011,15516,351,98
2011-10-29,2011,10359,480,99
2011-10-30,2011,17615,465,94
2011-11-01,2011,21214,461,90
2011-11-02,2011,20781,452,95
2011-11-03,2011,18173,467,94
2011-11-04,2011,23046,438,97
2011-11-05,2011,13011,14,100
2011-11-05,2011,13011,319,95
2011-11-06,2011,21977,422,95
2011-11-07,2011,18668,449,98
2011-11-08,2011,19713,474,94
2011-11-09,2011,16919,481,95
2011-11-10,2011,19428,487,98
2011-11-11,2011,14057,470,92
2011-11-12,2011,21466,497,99
2011-11-13,2011,24088,453,97
2011-11-14,2011,22547,470,100
2011-11-15,2011,23194,464,98
2011-11-16,2011,19360,480,100
2011-11-17,2011,18241,557,96
2011-11-17,2011,18241,557,96
2011-11-18,2011,20395,438,97
2011-11-19,2011,15668,442,95
2011-11-20,2011,23065,399,96
2011-11-21,2011,17963,518,95
2011-11-22,2011,15284,500,100
2011-11-23,2011,16567,451,93
2011-11-24,2011,21211,474,94
2011-11-25,2011,17780,534,96
2011-11-26,2011,16604,449,94
2011-11-27,2011,18225,508,95
2011-11-28,2011,20268,481,97
2011-11-29,2011,17336,482,93
2011-11-30,2011,19884,463,94
2011-12-01,2011,15035,419,99
2011-12-02,2011,18547,487,98
2011-12-03,2011,19594,429,96
2011-12-04,2011,22550,493,97
2011-12-05,2011,22084,460,96
2011-12-09,2011,13446,417,74
2011-12-11,2011,23091,443,87
2011-12-12,2011,26190,168,49
2011-12-13,2011,21453,237,49
2011-12-14,2011,11008,276,58
2011-12-15,2011,22626,334,64
2011-12-16,2011,18722,263,62
2011-12-17,2011,23612,272,51
2011-12-17,2011,23612,272,51
2011-12-19,2011,20524,295,56
2011-12-20,2011,20732,332,59
2011-12-21,2011,15304,233,50
2011-12-22,2011,22221,261,52
2011-12-23,2011,21237,140,54
2011-12-24,2011,22403,417,82
2011-12-25,2011,12486,240,49
2011-12-26,2011,25767,270,59
2011-12-27,2011,20085,429,80
2011-12-28,2011,18367,342,77
2011-12-29,2011,18876,412,80
2011-12-30,2011,21853,256,62
2011-12-31,2011,14251,282,53
2012-01-01,2012,15220,231,51
2012-01-02,2012,20659,311,59
2012-01-03,2012,17443,299,53
2012-01-04,2012,19051,291,54
2012-01-05,2012,10397,414,82
2012-01-06,2012,23411,286,79
2012-01-08,2012,24081,370,84
2012-01-09,2012,7170,362,72
2012-01-10,2012,23531,265,63
2012-01-11,2012,18684,179,52
2012-01-12,2012,10335,280,64
2012-01-13,2012,18718,270,87
2012-01-14,2012,22487,322,62
2012-01-15,2012,22848,357,72
2012-01-16,2012,13782,288,54
2012-01-16,2012,13782,288,54
2012-01-17,2012,21981,359,82
2012-01-18,2012,20539,156,69
2012-01-19,2012,19775,353,71
2012-01-20,2012,18463,301,57
2012-01-21,2012,24176,330,74
2012-01-22,2012,19255,418,87
2012-01-23,2012,12498,354,76
2012-01-24,2012,13435,421,92
2012-01-25,2012,22433,309,86
2012-01-26,2012,22259,249,57
2012-01-27,2012,23395,440,78
2012-01-31,2012,21657,364,76
2012-02-01,2012,12196,0,0
2012-02-01,2012,12196,407,51
2012-02-03,2012,21410,397,90
2012-02-04,2012,21359,427,92
2012-02-06,2012,20516,415,79
2012-02-07,2012,21741,379,89
2012-02-08,2012,15431,389,82
2012-02-09,2012,18116,394,82
2012-02-10,2012,16154,328,68
2012-02-11,2012,22664,377,80
2012-02-12,2012,17548,385,74
2012-02-13,2012,19409,470,82
2012-02-14,2012,18302,376,89
2012-02-15,2012,16846,479,89
2012-02-15,2012,16846,479,89
2012-02-16,2012,19089,358,84
2012-02-19,2012,3467,260,63
2012-02-19,2012,3467,432,100
2012-02-21,2012,14277,407,81
2012-02-22,2012,26458,343,77
2012-02-23,2012,28379,403,79
2012-02-27,2012,17776,408,84
2012-02-28,2012,19333,434,87
2012-02-29,2012,16410,360,78
2012-03-01,2012,20820,339,87
2012-03-02,2012,19654,339,80
2012-03-07,2012,21753,409,85
2012-03-08,2012,21992,335,76
2012-03-09,2012,18468,380,86
2012-03-10,2012,8694,378,81
2012-03-12,2012,20502,282,69
2012-03-13,2012,20204,419,93
2012-03-14,2012,19014,445,91
2012-03-15,2012,20894,351,83
2012-03-16,2012,20363,372,78
2012-03-16,2012,20363,372,78
2012-03-17,2012,12844,386,75
2012-03-18,2012,24123,388,77
2012-03-19,2012,22766,451,97
2012-03-20,2012,16660,24,77
2012-03-20,2012,16660,436,81
2012-03-22,2012,16154,365,83
2012-03-23,2012,20874,205,44
2012-04-17,2012,17742,396,83
2012-04-18,2012,14038,424,81
2012-04-30,2012,16359,374,77
2012-05-02,2012,22107,271,61
2012-05-03,2012,18008,287,63
2012-05-04,2012,17032,219,46
2012-05-05,2012,22085,240,67
2012-05-06,2012,10039,250,55
2012-05-08,2012,21210,224,53
2012-05-09,2012,6953,50,61
2012-05-09,2012,6953,299,77
2012-05-10,2012,24850,254,67
2012-05-11,2012,18447,268,65
2012-05-12,2012,22091,258,63
2012-05-13,2012,9651,259,68
2012-05-14,2012,16869,272,59
2012-05-15,2012,19698,90,82
2012-05-15,2012,19698,391,79
2012-05-15,2012,19698,90,82
2012-05-15,2012,19698,391,79
2012-05-16,2012,17199,389,93
2012-05-17,2012,20384,409,94
2012-05-18,2012,15063,420,100
2012-05-19,2012,12329,456,100
2012-05-20,2012,22746,292,100
2012-05-21,2012,17959,420,100
2012-05-22,2012,16157,468,96
2012-05-23,2012,14331,432,97
2012-05-24,2012,18260,411,100
2012-05-25,2012,24745,477,99
2012-05-26,2012,15405,528,99
2012-05-27,2012,19486,463,97
2012-05-28,2012,18501,517,99
2012-05-29,2012,19720,455,98
2012-05-30,2012,24429,424,95
2012-05-31,2012,22669,504,98
2012-06-01,2012,26202,424,100
2012-06-02,2012,17289,468,95
2012-06-03,2012,21577,460,100
2012-06-04,2012,18246,544,99
2012-06-05,2012,17856,479,96
2012-06-06,2012,18141,457,98
2012-06-07,2012,19586,498,97
2012-06-08,2012,22640,496,98
2012-06-09,2012,9249,544,96
2012-06-10,2012,23087,393,100
2012-06-11,2012,18130,494,95
2012-06-12,2012,15716,505,97
2012-06-13,2012,18093,479,99
2012-06-14,2012,21255,506,98
2012-06-14,2012,21255,506,98
2012-06-15,2012,20540,494,96
2012-06-16,2012,14832,455,98
2012-06-17,2012,12776,15,100
2012-06-18,2012,22423,448,98
2012-06-19,2012,27428,491,98
2012-06-21,2012,17306,454,98
2012-06-22,2012,19064,487,95
2012-06-23,2012,14669,481,99
2012-06-24,2012,19245,471,96
2012-06-25,2012,21008,442,98
2012-06-26,2012,20906,414,98
2012-06-28,2012,19368,442,98
2012-06-29,2012,19155,456,99
2012-06-30,2012,15336,442,96
2012-07-01,2012,28778,471,96
2012-07-02,2012,18733,483,100
2012-07-04,2012,32541,407,100
2012-07-05,2012,11226,28,97
2012-07-05,2012,11226,518,95
2012-07-06,2012,23996,495,96
2012-07-08,2012,20622,429,97
2012-07-09,2012,17377,525,99
2012-07-10,2012,15427,468,99
2012-07-13,2012,21058,441,100
2012-07-15,2012,17154,502,99
2012-07-16,2012,22680,490,96
2012-07-17,2012,10244,188,94
2012-07-24,2012,19299,488,96
2012-07-26,2012,20081,507,98
2012-07-28,2012,26930,422,98
2012-07-29,2012,8070,476,99
2012-07-30,2012,17381,376,91
2012-07-31,2012,19047,339,73
2012-08-01,2012,17980,457,83
2012-08-02,2012,19722,417,86
2012-08-03,2012,23974,433,85
2012-08-04,2012,19946,321,78
2012-08-06,2012,27584,329,79
2012-08-07,2012,25468,360,82
2012-08-08,2012,29345,344,78
2012-08-09,2012,26309,291,78
2012-08-10,2012,8615,312,78
2012-08-11,2012,16167,442,92
2012-08-12,2012,14563,382,88
2012-08-15,2012,15136,403,89
2012-08-16,2012,23567,276,73
2012-08-17,2012,22813,380,78
2012-08-18,2012,18481,383,82
2012-08-19,2012,13566,398,82
2012-08-20,2012,16876,289,72
2012-08-21,2012,20464,346,89
2012-08-22,2012,21110,405,86
2012-08-23,2012,25701,398,88
2012-08-24,2012,27810,373,87
2012-08-26,2012,12625,454,90
2012-08-27,2012,15533,374,86
2012-08-28,2012,18452,335,79
2012-08-29,2012,27209,342,79
2012-08-30,2012,14885,379,88
2012-08-31,2012,19759,373,79
2012-09-01,2012,17515,369,71
2012-09-02,2012,12822,438,85
2012-09-03,2012,26914,368,83
2012-09-04,2012,16333,346,78
2012-09-09,2012,22456,347,85
2012-09-10,2012,16571,286,75
2012-09-15,2012,16530,312,74
2012-09-16,2012,17667,431,90
2012-09-17,2012,15469,323,71
2012-09-18,2012,16653,318,78
2012-09-19,2012,8684,387,75
2012-09-21,2012,17435,301,76
2012-09-22,2012,27708,16,100
2012-09-22,2012,27708,391,88
2012-09-24,2012,7664,426,87
2012-09-25,2012,15722,358,72
2012-09-26,2012,20827,135,91
2012-09-30,2012,18920,376,84
2012-10-01,2012,19211,268,80
2012-10-04,2012,20885,467,73
2012-10-06,2012,6246,302,88
2012-10-08,2012,17358,394,79
2012-10-09,2012,24004,440,85
2012-10-10,2012,24298,366,72
2012-10-11,2012,7839,373,74
2012-10-13,2012,23405,289,91
2012-10-14,2012,15141,451,90
2012-10-15,2012,18993,358,81
2012-10-16,2012,12277,404,77
2012-10-17,2012,24663,108,79
2012-10-18,2012,23838,498,79
2012-10-20,2012,21564,297,72
2012-10-21,2012,29013,383,81
2012-10-24,2012,21336,392,78
2012-10-25,2012,18903,317,77
2012-10-26,2012,21544,413,70
2012-10-27,2012,5373,21,45
2012-10-27,2012,5373,309,85
2012-10-28,2012,14736,457,88
2012-10-29,2012,17516,498,90
2012-10-30,2012,20299,304,70
2012-10-31,2012,19066,431,78
2012-11-01,2012,21143,440,84
2012-11-02,2012,11004,384,86
2012-11-03,2012,24994,399,89
2012-11-05,2012,17704,406,85
2012-11-06,2012,20774,324,89
2012-11-08,2012,16366,0,0
2012-11-08,2012,16366,504,83
2012-11-10,2012,24941,380,84
2012-11-11,2012,21882,434,78
2012-11-11,2012,21882,434,78
2012-11-12,2012,11952,317,83
2012-11-13,2012,21524,453,89
2012-11-14,2012,13357,309,65
2012-11-15,2012,10013,383,78
2012-11-17,2012,18943,471,88
2012-11-18,2012,24068,408,78
2012-11-19,2012,20128,387,80
2012-11-20,2012,22685,408,86
2012-11-21,2012,28284,126,100
2012-11-22,2012,10703,475,82
2012-11-23,2012,18646,451,92
2012-11-24,2012,15008,419,82
2012-11-26,2012,20548,288,64
2012-11-27,2012,7959,343,82
2012-11-28,2012,18815,380,86
2012-11-29,2012,21974,440,87
2012-12-01,2012,17124,316,88
2012-12-02,2012,17202,407,76
2012-12-03,2012,20887,387,84
2012-12-05,2012,7900,0,0
2012-12-06,2012,21869,22,100
2012-12-07,2012,16712,440,82
2012-12-08,2012,10675,391,80
2012-12-18,2012,16173,550,88
2012-12-20,2012,20315,434,76
2012-12-23,2012,11774,311,61
2012-12-26,2012,19600,392,87
2012-12-29,2012,18646,409,76
2013-01-01,2013,11341,432,80
2013-01-02,2013,17758,459,85
2013-01-03,2013,19308,415,82
2013-01-04,2013,21353,459,86
2013-01-07,2013,20771,413,82
2013-01-08,2013,22387,436,83
2013-01-09,2013,21842,412,85
2013-01-10,2013,20558,0,0
2013-01-10,2013,20558,314,71
2013-01-10,2013,20558,0,0
2013-01-10,2013,20558,314,71
2013-01-12,2013,16734,422,82
2013-01-13,2013,23981,460,89
2013-01-14,2013,15006,359,76
2013-01-15,2013,17772,328,68
2013-01-16,2013,14007,419,80
2013-01-17,2013,19132,399,89
2013-01-18,2013,18961,402,79
2013-01-19,2013,24367,416,92
2013-01-20,2013,25383,384,77
2013-01-21,2013,14844,27,100
2013-01-22,2013,18700,478,87
2013-01-23,2013,19831,429,92
2013-01-24,2013,17367,384,77
2013-01-25,2013,17787,413,95
2013-01-26,2013,12411,467,90
2013-01-27,2013,18711,408,82
2013-01-28,2013,20913,407,72
2013-01-30,2013,19689,462,86
2013-01-31,2013,16363,381,69
2013-02-01,2013,18868,427,87
2013-02-02,2013,22811,431,89
2013-02-04,2013,18467,445,87
2013-02-05,2013,17100,369,76
2013-02-06,2013,18690,380,78
2013-02-07,2013,19145,444,87
2013-02-08,2013,11817,417,88
2013-02-10,2013,25290,409,78
2013-02-11,2013,21883,413,84
2013-02-12,2013,19531,416,88
2013-02-14,2013,15203,477,81
2013-02-15,2013,25255,331,63
2013-02-16,2013,10660,427,81
2013-02-17,2013,17976,444,85
2013-02-18,2013,18412,407,81
2013-02-19,2013,14728,447,85
2013-02-20,2013,17473,429,84
2013-02-21,2013,15841,407,85
2013-02-22,2013,19280,379,79
2013-02-23,2013,17207,406,80
2013-02-24,2013,21297,377,81
2013-02-25,2013,20232,416,83
2013-02-26,2013,23086,452,90
2013-02-27,2013,21316,396,83
2013-02-28,2013,18291,369,71
2013-03-01,2013,20325,386,80
2013-03-02,2013,8966,349,77
2013-03-03,2013,20472,494,91
2013-03-04,2013,21389,399,72
2013-03-05,2013,17255,402,77
2013-03-06,2013,19390,330,81
2013-03-07,2013,15384,407,73
2013-03-08,2013,22240,457,87
2013-03-10,2013,14591,355,81
2013-03-11,2013,16115,398,81
2013-03-11,2013,16115,398,81
2013-03-12,2013,17403,435,85
2013-03-13,2013,15240,383,73
2013-03-14,2013,18248,422,85
2013-03-15,2013,12617,387,80
2013-03-16,2013,19186,380,72
2013-03-18,2013,18303,360,82
2013-03-19,2013,23296,415,77
2013-03-20,2013,21306,412,89
2013-03-21,2013,16741,337,74
2013-03-22,2013,10701,372,79
2013-03-23,2013,18273,273,76
2013-03-25,2013,16410,408,80
2013-03-26,2013,19319,393,79
2013-03-27,2013,20102,462,88
2013-03-28,2013,13063,442,85
2013-03-29,2013,18841,486,88
2013-03-30,2013,22361,327,74
2013-03-31,2013,19027,424,83
2013-04-01,2013,23656,449,80
2013-04-02,2013,8861,376,79
2013-04-03,2013,20958,407,81
2013-04-04,2013,20996,432,91
2013-04-05,2013,19093,384,88
2013-04-06,2013,19032,423,88
2013-04-07,2013,17648,359,81
2013-04-08,2013,20877,271,85
2013-04-10,2013,22874,339,83
2013-04-10,2013,22874,339,83
2013-04-11,2013,17881,346,77
2013-04-12,2013,18305,277,79
2013-04-14,2013,23456,423,72
2013-04-16,2013,21498,421,85
2013-04-17,2013,17568,375,69
2013-04-20,2013,8856,368,84
2013-04-22,2013,19707,425,80
2013-04-23,2013,21050,399,77
2013-04-24,2013,16504,354,79
2013-04-27,2013,9934,352,74
2013-04-28,2013,27063,454,85
2013-04-29,2013,21389,417,76
2013-04-30,2013,18905,375,73
2013-05-01,2013,21681,361,79
2013-05-03,2013,8660,277,62
2013-05-04,2013,21321,371,85
2013-05-05,2013,24541,382,75
2013-05-06,2013,21644,412,83
2013-05-07,2013,18662,415,84
2013-05-14,2013,18501,426,88
2013-05-15,2013,9296,459,88
2013-05-16,2013,21480,396,80
2013-05-17,2013,24008,355,81
2013-05-18,2013,18516,419,79
2013-05-19,2013,14215,332,86
2013-05-20,2013,18545,390,84
2013-05-21,2013,7870,376,91
2013-05-22,2013,21931,361,90
2013-05-23,2013,28703,352,88
2013-05-24,2013,27214,308,80
2013-05-26,2013,18014,312,94
2013-05-27,2013,14613,455,83
2013-05-28,2013,18432,396,75
2013-05-29,2013,17468,351,65
2013-05-30,2013,8960,418,80
2013-05-31,2013,19518,363,77
2013-06-01,2013,18923,312,70
2013-06-03,2013,20755,352,73
2013-06-04,2013,12341,393,75
2013-06-05,2013,20772,376,77
2013-06-06,2013,22368,367,78
2013-06-07,2013,21413,383,78
2013-06-08,2013,20041,414,87
2013-06-09,2013,14953,392,75
2013-06-09,2013,14953,392,75
2013-06-10,2013,17455,246,44
2013-06-11,2013,21010,418,83
2013-06-12,2013,23806,310,76
2013-06-13,2013,13503,323,86
2013-06-14,2013,20153,391,73
2013-06-15,2013,18046,397,79
2013-06-16,2013,22677,354,87
2013-06-17,2013,18541,420,87
2013-06-18,2013,14954,371,79
2013-06-19,2013,11331,476,88
2013-06-20,2013,19046,314,69
2013-06-21,2013,19995,378,84
2013-06-22,2013,25364,386,82
2013-06-23,2013,20094,419,80
2013-06-24,2013,12778,324,69
2013-06-25,2013,18501,432,87
2013-06-26,2013,20199,377,82
2013-06-27,2013,19542,146,74
2013-06-28,2013,13700,371,79
2013-06-29,2013,6918,141,72
2013-06-30,2013,15579,368,87
2013-07-01,2013,16984,352,76
2013-07-02,2013,15139,325,71
2013-07-03,2013,25875,292,76
2013-07-04,2013,9125,484,84
2013-07-05,2013,20273,363,68
2013-07-06,2013,23122,206,84
2013-07-06,2013,23122,402,90
2013-07-07,2013,16840,422,73
2013-07-08,2013,25824,406,78
2013-07-09,2013,15100,353,69
2013-07-09,2013,15100,353,69
2013-07-10,2013,20967,354,76
2013-07-11,2013,16263,438,83
2013-07-12,2013,16156,350,86
2013-07-13,2013,3822,0,0
2013-07-13,2013,3822,0,0
2013-07-13,2013,3822,54,32
2013-07-14,2013,19346,0,0
2013-07-14,2013,19346,399,74
2013-07-15,2013,19537,345,82
2013-07-16,2013,15712,401,82
2013-07-17,2013,15668,439,85
2013-07-18,2013,17422,378,81
2013-07-19,2013,18745,440,86
2013-07-20,2013,10759,366,78
2013-07-22,2013,20046,358,76
2013-07-23,2013,18746,419,80
2013-07-24,2013,14511,432,87
2013-07-25,2013,12571,390,73
2013-07-26,2013,20059,377,78
2013-07-27,2013,17644,413,86
2013-07-28,2013,23341,429,81
2013-07-29,2013,16533,381,74
2013-07-30,2013,18908,446,80
2013-07-31,2013,9446,421,88
2013-08-01,2013,19537,378,74
2013-08-02,2013,20621,252,58
2013-08-03,2013,29777,221,43
2013-08-04,2013,16852,455,85
2013-08-05,2013,12384,441,86
2013-08-06,2013,16062,0,0
2013-08-07,2013,26158,31,100
2013-08-07,2013,26158,181,73
2013-08-07,2013,26158,10,100
2013-08-07,2013,26158,0,0
2013-08-07,2013,26158,140,81
2013-08-09,2013,19374,424,78
2013-08-10,2013,17858,382,75
2013-08-11,2013,17791,42,100
2013-08-11,2013,17791,331,87
2013-08-12,2013,14780,403,83
2013-08-13,2013,21106,370,85
2013-08-14,2013,22165,140,93
2013-08-14,2013,22165,255,82
2013-08-15,2013,19387,413,84
2013-08-16,2013,16495,409,81
2013-09-02,2013,17806,509,85
2013-09-03,2013,17155,357,72
2013-09-04,2013,16998,773,100
2013-09-05,2013,17940,381,80
2013-09-06,2013,19612,184,69
2013-09-06,2013,19612,133,84
2013-09-07,2013,17648,336,83
2013-09-07,2013,17648,336,83
2013-09-08,2013,18410,335,71
2013-09-09,2013,21427,129,75
2013-09-10,2013,16317,129,83
2013-09-10,2013,16317,339,79
2013-09-12,2013,21483,0,0
2013-09-12,2013,21483,43,61
2013-09-12,2013,21483,0,0
2013-09-12,2013,21483,403,85
2013-09-15,2013,13404,24,52
2013-09-15,2013,13404,359,77
2013-09-16,2013,20025,444,75
2013-09-17,2013,18610,344,71
2013-09-18,2013,22723,39,100
2013-09-18,2013,22723,325,83
2013-09-19,2013,20148,392,79
2013-09-20,2013,18567,380,82
2013-09-21,2013,10344,432,83
2013-09-22,2013,20031,454,85
2013-09-23,2013,23937,276,58
2013-09-24,2013,19603,351,81
2013-09-25,2013,26436,338,78
2013-09-26,2013,19230,335,59
2013-09-27,2013,16784,394,81
2013-09-28,2013,16334,214,38
2013-09-29,2013,20061,238,55
2013-09-30,2013,19922,308,53
2013-10-01,2013,16009,234,44
2013-10-02,2013,11518,282,60
2013-10-03,2013,18566,416,84
2013-10-07,2013,21912,0,0
2013-10-07,2013,21912,357,80
2013-10-07,2013,21912,0,0
2013-10-07,2013,21912,357,80
2013-10-08,2013,16966,357,77
2013-10-09,2013,12199,339,76
2013-10-10,2013,19484,457,84
2013-10-11,2013,18158,411,83
2013-10-12,2013,20862,86,78
2013-10-12,2013,20862,16,100
2013-10-12,2013,20862,108,68
2013-10-13,2013,24606,420,78
2013-10-14,2013,20210,374,78
2013-10-15,2013,18825,404,86
2013-10-16,2013,12388,188,81
2013-10-16,2013,12388,307,72
2013-10-18,2013,23159,361,74
2013-10-19,2013,18609,457,82
2013-10-20,2013,22398,376,85
2013-10-22,2013,18412,338,68
2013-10-23,2013,18832,340,74
2013-10-24,2013,18542,0,0
2013-10-24,2013,18542,343,74
2013-10-25,2013,19910,287,68
2013-10-26,2013,22527,357,77
2013-10-27,2013,23567,0,0
2013-10-27,2013,23567,352,77
2013-10-28,2013,11032,458,84
2013-10-29,2013,19567,343,71
2013-10-30,2013,22180,342,84
2013-10-31,2013,22501,405,80
2013-11-01,2013,23248,367,81
2013-11-02,2013,22245,342,71
2013-11-03,2013,21494,367,79
2013-11-04,2013,13170,253,70
2013-11-05,2013,19958,434,81
2013-11-06,2013,28529,247,82
2013-11-06,2013,28529,247,82
2013-11-07,2013,20597,357,79
2013-11-08,2013,20274,118,79
2013-11-08,2013,20274,170,71
2013-11-09,2013,20762,264,71
2013-11-10,2013,19237,434,74
2013-11-11,2013,9790,235,81
2013-11-12,2013,21635,438,88
2013-11-13,2013,20200,28,30
2013-11-13,2013,20200,415,81
2013-11-14,2013,17935,145,58
2013-11-16,2013,18641,399,80
2013-11-17,2013,11743,411,84
2013-11-18,2013,14111,313,71
2013-11-20,2013,21906,368,93
2013-11-21,2013,21481,26,100
2013-11-21,2013,21481,20,95
2013-11-21,2013,21481,389,74
2013-11-23,2013,17874,202,79
2013-11-23,2013,17874,225,79
2013-11-25,2013,19529,417,77
2013-11-27,2013,12380,346,70
2013-11-28,2013,20252,160,90
2013-11-28,2013,20252,0,0
2013-11-28,2013,20252,187,68
2013-11-29,2013,18558,323,72
2013-12-01,2013,25509,0,0
2013-12-01,2013,25509,442,85
2013-12-02,2013,17127,375,84
2013-12-04,2013,17284,376,94
2013-12-05,2013,23703,21,100
2013-12-06,2013,19634,377,81
2013-12-06,2013,19634,377,81
2013-12-07,2013,23177,295,97
2013-12-08,2013,19808,313,73
2013-12-09,2013,5577,414,87
2013-12-10,2013,21221,422,81
2013-12-11,2013,20049,400,76
2013-12-12,2013,9496,342,72
2013-12-14,2013,23668,380,86
2013-12-15,2013,17464,455,87
2013-12-16,2013,18210,428,80
2013-12-17,2013,29006,252,62
2013-12-18,2013,20488,351,75
2013-12-19,2013,7949,238,58
2013-12-20,2013,20603,234,43
2013-12-21,2013,24858,252,47
2013-12-22,2013,15652,217,60
2013-12-23,2013,20986,429,80
2013-12-24,2013,19691,366,83
2013-12-25,2013,16433,270,52
2013-12-26,2013,18404,217,51
2013-12-27,2013,24600,253,54
2013-12-28,2013,21125,262,60
2013-12-29,2013,20675,326,81
2013-12-30,2013,19803,275,54
2013-12-31,2013,19660,238,49
2014-01-01,2014,6644,265,51
2014-01-02,2014,17735,0,0
2014-01-02,2014,17735,0,0
2014-01-02,2014,17735,400,82
2014-01-03,2014,19608,0,0
2014-01-03,2014,19608,300,90
2014-01-04,2014,15754,31,38
2014-01-04,2014,15754,417,85
2014-01-05,2014,22667,419,78
2014-01-05,2014,22667,419,78
2014-01-06,2014,20756,371,80
2014-01-07,2014,19697,375,82
2014-01-08,2014,19711,379,78
2014-01-09,2014,16012,365,70
2014-01-10,2014,15592,442,93
2014-01-11,2014,15894,245,77
2014-01-12,2014,23623,383,92
2014-01-13,2014,20959,352,76
2014-01-14,2014,19454,373,73
2014-01-15,2014,19796,417,87
2014-01-16,2014,18225,405,83
2014-01-17,2014,21437,372,80
2014-01-18,2014,16574,448,84
2014-01-19,2014,14923,443,85
2014-01-20,2014,7665,340,77
2014-01-21,2014,16319,440,84
2014-01-22,2014,21758,10,100
2014-01-22,2014,21758,459,87
2014-01-23,2014,20713,400,82
2014-01-24,2014,22549,208,50
2014-01-25,2014,14866,449,93
2014-01-26,2014,21526,458,89
2014-01-27,2014,20835,366,71
2014-01-28,2014,16418,258,79
2014-01-29,2014,17348,402,91
2014-01-30,2014,21220,391,80
2014-01-31,2014,7422,378,85
2014-02-01,2014,18979,336,79
2014-02-02,2014,19288,440,88
2014-02-03,2014,21926,365,72
2014-02-04,2014,19208,366,78
2014-02-04,2014,19208,366,78
2014-02-05,2014,22701,0,0
2014-02-05,2014,22701,377,87
2014-02-06,2014,20664,417,85
2014-02-07,2014,19755,379,79
2014-02-08,2014,10170,100,78
2014-02-09,2014,20013,390,79
2014-02-16,2014,23062,466,99
2014-02-17,2014,26404,484,99
2014-02-18,2014,20219,498,98
2014-02-19,2014,19103,515,98
2014-02-20,2014,16921,510,97
2014-02-21,2014,19141,436,98
2014-02-22,2014,12803,503,97
2014-02-23,2014,20575,571,95
2014-02-24,2014,21998,558,98
2014-02-25,2014,20991,522,97
2014-02-26,2014,19164,499,98
2014-02-27,2014,16808,511,96
2014-02-28,2014,23180,452,92
2014-03-01,2014,10539,456,95
2014-03-02,2014,22042,511,99
2014-03-03,2014,23977,452,95
2014-03-04,2014,20248,506,95
2014-03-05,2014,19311,503,98
2014-03-06,2014,9544,508,98
2014-03-06,2014,9544,508,98
2014-03-07,2014,26347,486,96
2014-03-09,2014,20549,464,98
2014-03-11,2014,17991,505,98
2014-03-12,2014,21848,177,100
2014-03-12,2014,21848,334,98
2014-03-13,2014,23366,494,99
2014-03-14,2014,13331,451,96
2014-03-15,2014,23460,566,99
2014-03-16,2014,22826,30,100
2014-03-16,2014,22826,487,97
2014-03-17,2014,21718,447,98
2014-03-19,2014,19998,96,100
2014-03-19,2014,19998,532,98
2014-03-21,2014,22403,484,98
2014-03-22,2014,20641,369,98
2014-03-23,2014,26106,493,97
2014-03-24,2014,20773,176,99
2014-03-25,2014,19472,470,99
2014-03-27,2014,22403,553,97
2014-03-28,2014,23627,568,98
2014-03-29,2014,20602,485,99
2014-03-30,2014,25286,455,96
2014-03-31,2014,12300,584,97
2014-04-01,2014,19827,476,99
2014-04-02,2014,23641,466,98
2014-04-03,2014,20522,515,96
2014-04-04,2014,21168,465,96
2014-04-05,2014,21773,505,97
2014-04-05,2014,21773,505,97
2014-04-06,2014,28631,66,100
2014-04-06,2014,28631,488,98
2014-04-07,2014,20494,501,98
2014-04-08,2014,7104,501,98
2014-04-09,2014,23313,410,100
2014-04-10,2014,22204,478,99
2014-04-11,2014,19541,459,100
2014-04-12,2014,20056,371,98
2014-04-13,2014,28551,459,97
2014-04-14,2014,24405,490,98
2014-04-15,2014,15007,488,98
2014-04-16,2014,17174,486,100
2014-04-17,2014,18696,492,99
2014-04-18,2014,21012,526,96
2014-04-19,2014,19898,442,97
2014-04-20,2014,20755,489,97
2014-04-21,2014,13306,423,99
2014-04-22,2014,22521,465,99
2014-04-23,2014,24723,475,98
2014-04-24,2014,23484,472,98
2014-04-26,2014,30896,426,98
2014-04-27,2014,15401,511,98
2014-04-28,2014,18297,488,96
2014-04-30,2014,22019,498,99
2014-05-01,2014,23125,69,91
2014-05-01,2014,23125,392,98
2014-05-02,2014,20669,459,98
2014-05-03,2014,20652,507,97
2014-05-04,2014,17256,466,96
2014-05-05,2014,19148,509,97
2014-05-05,2014,19148,509,97
2014-05-06,2014,22441,506,96
2014-05-07,2014,23648,478,98
2014-05-08,2014,19309,503,99
2014-05-09,2014,23032,498,98
2014-05-10,2014,27563,383,96
2014-05-11,2014,13825,541,97
2014-05-12,2014,17399,505,98
2014-05-13,2014,20663,498,99
2014-05-14,2014,21067,482,97
2014-05-15,2014,21732,499,96
2014-05-16,2014,19833,463,97
2014-05-17,2014,10825,480,96
2014-05-18,2014,22443,452,98
2014-05-19,2014,25399,437,98
2014-05-20,2014,21448,457,98
2014-05-21,2014,22259,467,98
2014-05-22,2014,22674,487,98
2014-05-23,2014,7854,515,99
2014-05-24,2014,22136,448,98
2014-05-25,2014,15620,492,98
2014-05-26,2014,26218,451,98
2014-05-27,2014,20879,477,99
2014-05-28,2014,13334,60,100
2014-05-29,2014,14902,541,100
2014-05-30,2014,19454,284,58
2014-05-31,2014,15147,334,68
2014-06-01,2014,27864,304,69
2014-06-02,2014,23241,420,82
2014-06-03,2014,23185,339,70
2014-06-04,2014,22731,97,63
2014-06-04,2014,22731,97,63
2014-06-05,2014,19889,441,80
2014-06-06,2014,21107,308,61
2014-06-07,2014,23032,408,85
2014-06-08,2014,23819,363,74
2014-06-09,2014,12432,294,85
2014-06-10,2014,22124,333,74
2014-06-11,2014,20125,396,81
2014-06-12,2014,20109,295,78
2014-06-13,2014,26583,358,87
2014-06-14,2014,30921,332,73
2014-06-15,2014,18784,454,84
2014-06-16,2014,25493,347,85
2014-06-17,2014,20327,424,78
2014-06-18,2014,23216,347,79
2014-06-19,2014,20934,67,71
2014-06-20,2014,25880,378,77
2014-06-21,2014,19484,380,81
2014-06-23,2014,22409,380,73
2014-06-24,2014,24872,326,72
2014-06-25,2014,21246,412,78
2014-06-26,2014,19338,319,72
2014-06-27,2014,22444,228,48
2014-06-28,2014,19837,408,80
2014-06-29,2014,14030,0,0
2014-06-29,2014,14030,379,75
2014-06-30,2014,20392,390,83
2014-07-01,2014,26534,336,66
2014-07-02,2014,21238,335,79
2014-07-03,2014,21648,367,90
2014-07-04,2014,20039,399,80
2014-07-04,2014,20039,399,80
2014-07-05,2014,25247,366,86
2014-07-06,2014,15795,321,69
2014-07-07,2014,20078,420,83
2014-07-08,2014,22696,349,70
2014-07-09,2014,21621,394,77
2014-07-10,2014,24248,365,73
2014-07-11,2014,21368,365,83
2014-07-13,2014,10531,473,83
2014-07-14,2014,15586,393,81
2014-07-16,2014,22126,372,77
2014-07-17,2014,25951,353,77
2014-07-18,2014,26878,360,84
2014-07-19,2014,6574,449,85
2014-07-20,2014,22067,394,87
2014-07-21,2014,19698,351,80
2014-07-22,2014,23394,380,76
2014-07-23,2014,22569,324,79
2014-07-24,2014,20961,316,66
2014-07-25,2014,21642,393,86
2014-07-26,2014,28458,275,70
2014-07-28,2014,22610,407,79
2014-07-29,2014,21258,37,100
2014-07-29,2014,21258,429,84
2014-07-31,2014,19289,380,74
2014-08-01,2014,19934,313,65
2014-08-02,2014,23429,367,76
2014-08-03,2014,13227,370,72
2014-08-03,2014,13227,370,72
2014-08-04,2014,22498,361,73
2014-08-05,2014,20218,343,80
2014-08-06,2014,19225,411,81
2014-08-07,2014,20194,10,100
2014-08-07,2014,20194,394,76
2014-08-08,2014,19193,382,85
2014-08-09,2014,26306,367,83
2014-08-11,2014,14556,467,93
2014-08-12,2014,24731,377,85
2014-08-13,2014,18660,394,83
2014-08-14,2014,21122,367,83
2014-08-15,2014,18504,15,100
2014-08-15,2014,18504,375,88
2014-08-16,2014,25327,378,81
2014-08-17,2014,12515,368,78
2014-08-18,2014,22795,364,77
2014-08-19,2014,22451,400,82
2014-08-20,2014,23362,448,75
2014-08-21,2014,9705,394,81
2014-08-22,2014,22918,422,92
2014-08-22,2014,22918,43,100
2014-08-23,2014,20868,295,76
2014-08-24,2014,14463,325,83
2014-08-24,2014,14463,56,100
2014-08-25,2014,23633,403,87
2014-08-25,2014,23633,173,52
2014-08-26,2014,20340,372,89
2014-08-26,2014,20340,36,23
2014-08-27,2014,21899,132,35
2014-08-28,2014,28354,400,88
2014-08-29,2014,34418,395,90
2014-08-30,2014,25488,464,91
2014-08-30,2014,25488,0,0
2014-08-31,2014,22155,341,76
2014-09-01,2014,22496,393,85
2014-09-01,2014,22496,14,100
2014-09-02,2014,19054,28,15
2014-09-02,2014,19054,28,15
2014-09-03,2014,24975,335,81
2014-09-04,2014,22337,437,100
2014-09-04,2014,22337,62,40
2014-09-05,2014,22788,28,100
2014-09-06,2014,7806,281,43
2014-09-07,2014,22550,512,100
2014-09-08,2014,24332,410,100
2014-09-09,2014,18265,452,100
2014-09-10,2014,24546,430,100
2014-09-11,2014,17437,571,100
2014-09-12,2014,18634,419,77
2014-09-13,2014,18437,376,83
2014-09-14,2014,6659,383,83
2014-09-15,2014,18886,358,78
2014-09-16,2014,20153,367,78
2014-09-17,2014,19624,354,79
2014-09-18,2014,20604,353,80
2014-09-19,2014,25355,415,80
2014-09-20,2014,22510,419,77
2014-09-22,2014,22293,424,82
2014-09-22,2014,22293,223,61
2014-09-23,2014,19887,284,74
2014-09-24,2014,17253,328,75
2014-09-27,2014,19618,376,78
2014-09-28,2014,23778,421,82
2014-09-29,2014,21940,434,86
2014-09-30,2014,22074,407,84
2014-10-01,2014,21214,473,90
2014-10-02,2014,20922,375,94
2014-10-02,2014,20922,375,94
2014-10-03,2014,12340,448,85
2014-10-04,2014,20223,517,89
2014-10-05,2014,23237,412,88
2014-10-06,2014,17362,434,77
2014-10-07,2014,21480,360,77
2014-10-08,2014,19604,195,47
2014-10-09,2014,17964,310,53
2014-10-10,2014,12102,470,88
2014-10-11,2014,20567,377,86
2014-10-12,2014,24899,405,82
2014-10-13,2014,20616,353,80
2014-10-14,2014,20627,426,82
2014-10-15,2014,17157,324,66
2014-10-16,2014,20438,338,81
2014-10-17,2014,10109,381,77
2014-10-18,2014,19945,353,76
2014-10-19,2014,25767,446,87
2014-10-20,2014,24160,339,79
2014-10-21,2014,16565,344,73
2014-10-22,2014,16499,470,84
2014-10-24,2014,10228,445,85
2014-10-25,2014,22120,341,77
2014-10-26,2014,28105,450,80
2014-10-27,2014,22933,353,63
2014-10-28,2014,21293,378,74
2014-10-29,2014,21951,195,79
2014-10-30,2014,29558,356,82
2014-10-31,2014,26002,397,72
2014-11-01,2014,15922,379,79
2014-11-01,2014,15922,379,79
2014-11-02,2014,24168,451,79
2014-11-03,2014,20048,432,83
2014-11-04,2014,22574,377,84
2014-11-05,2014,15896,386,80
2014-11-06,2014,18900,341,77
2014-11-07,2014,10963,327,63
2014-11-08,2014,23152,0,0
2014-11-08,2014,23152,387,78
2014-11-09,2014,23948,250,68
2014-11-10,2014,21855,198,37
2014-11-11,2014,20069,394,84
2014-11-12,2014,20053,368,85
2014-11-13,2014,17100,429,81
2014-11-14,2014,13174,383,75
2014-11-15,2014,18534,248,84
2014-11-16,2014,22862,405,78
2014-11-17,2014,19628,332,83
2014-11-18,2014,21628,374,82
2014-11-19,2014,17946,334,79
2014-11-20,2014,10136,246,42
2014-11-21,2014,23178,273,45
2014-11-22,2014,19364,273,58
2014-11-23,2014,16457,260,54
2014-11-24,2014,27988,485,81
2014-11-25,2014,22812,20,100
2014-11-25,2014,22812,480,83
2014-11-26,2014,29395,273,87
2014-11-27,2014,23150,428,81
2014-11-28,2014,15403,402,77
2014-11-30,2014,23686,373,81
2014-12-01,2014,21284,365,77
2014-12-01,2014,21284,365,77
2014-12-02,2014,17551,384,85
2014-12-03,2014,19506,353,81
2014-12-04,2014,20461,322,73
2014-12-05,2014,18407,273,64
2014-12-06,2014,8135,320,85
2014-12-07,2014,24643,375,80
2014-12-08,2014,19323,368,75
2014-12-09,2014,19994,371,76
2014-12-10,2014,18745,363,73
2014-12-11,2014,24344,383,72
2014-12-12,2014,24164,338,75
2014-12-13,2014,21985,426,78
2014-12-14,2014,21282,407,75
2014-12-15,2014,18697,434,87
2014-12-16,2014,19432,331,68
2014-12-17,2014,19461,357,76
2014-12-18,2014,19353,394,81
2014-12-19,2014,20431,364,73
2014-12-20,2014,19084,377,73
2014-12-21,2014,13738,452,83
2014-12-22,2014,30708,469,78
2014-12-23,2014,19883,454,75
2014-12-24,2014,21463,385,85
2014-12-25,2014,12249,491,96
2014-12-26,2014,27593,490,98
2014-12-27,2014,28701,398,80
2014-12-28,2014,18816,365,72
2014-12-29,2014,26408,414,86
2014-12-30,2014,17393,287,71
2014-12-31,2014,9872,191,53
2014-12-31,2014,9872,191,53
2015-01-01,2015,20506,235,52
2015-01-02,2015,17755,397,76
2015-01-03,2015,18683,387,72
2015-01-04,2015,23194,417,73
2015-01-05,2015,24213,382,75
2015-01-06,2015,22275,406,84
2015-01-07,2015,19714,356,78
2015-01-08,2015,11535,419,81
2015-01-09,2015,24758,451,82
2015-01-10,2015,20132,436,84
2015-01-11,2015,23091,425,87
2015-01-12,2015,17706,455,89
2015-01-13,2015,21697,481,89
2015-01-14,2015,22635,421,85
2015-01-15,2015,7614,442,87
2015-01-16,2015,15473,397,94
2015-01-17,2015,25410,386,79
2015-01-18,2015,26216,395,77
2015-01-19,2015,32221,416,81
2015-01-20,2015,11678,415,84
2015-01-21,2015,18171,446,85
2015-01-22,2015,23891,414,75
2015-01-23,2015,18519,401,82
2015-01-24,2015,26448,446,86
2015-01-25,2015,19701,408,83
2015-01-26,2015,20240,456,88
2015-01-27,2015,21108,407,82
2015-01-28,2015,19565,413,82
2015-01-29,2015,14976,410,85
2015-01-30,2015,22915,350,72
2015-01-30,2015,22915,350,72
2015-01-31,2015,24165,309,79
2015-02-01,2015,19380,489,88
2015-02-02,2015,18823,419,79
2015-02-03,2015,21395,431,78
2015-02-04,2015,17805,367,73
2015-02-05,2015,14503,416,79
2015-02-06,2015,21031,388,80
2015-02-07,2015,27382,394,75
2015-02-08,2015,20739,312,64
2015-02-09,2015,23117,481,89
2015-02-10,2015,18135,425,84
2015-02-11,2015,19527,355,67
2015-02-12,2015,11916,353,74
2015-02-13,2015,19849,317,64
2015-02-14,2015,22915,382,78
2015-02-15,2015,26765,395,86
2015-02-16,2015,24127,406,83
2015-02-17,2015,19918,362,71
2015-02-18,2015,18162,367,76
2015-02-19,2015,19788,433,81
2015-02-20,2015,22052,374,75
2015-02-21,2015,22488,471,86
2015-02-22,2015,23113,314,69
2015-02-23,2015,25542,363,75
2015-02-24,2015,18887,383,76
2015-02-25,2015,20637,423,78
2015-02-26,2015,21174,361,80
2015-02-27,2015,12050,447,84
2015-02-28,2015,31277,416,88
2015-03-01,2015,25809,492,98
2015-03-01,2015,25809,492,98
2015-03-02,2015,19611,485,82
2015-03-04,2015,27036,396,84
2015-03-05,2015,20963,369,81
2015-03-06,2015,7644,394,87
2015-03-07,2015,21938,401,86
2015-03-08,2015,21841,314,85
2015-03-09,2015,22087,401,79
2015-03-10,2015,20777,433,86
2015-03-11,2015,21958,403,74
2015-03-12,2015,18709,431,85
2015-03-13,2015,24178,390,80
2015-03-14,2015,21053,390,82
2015-03-15,2015,18173,418,88
2015-03-16,2015,24614,364,79
2015-03-17,2015,24975,393,73
2015-03-18,2015,18670,365,75
2015-03-19,2015,9953,451,85
2015-03-20,2015,19988,418,78
2015-03-21,2015,26050,427,91
2015-03-22,2015,20847,494,91
2015-03-23,2015,31643,417,84
2015-03-24,2015,21040,424,82
2015-03-25,2015,19047,420,85
2015-03-26,2015,5385,384,90
2015-03-27,2015,24334,359,83
2015-03-28,2015,20549,395,84
2015-03-29,2015,23140,451,89
2015-03-30,2015,20253,392,77
2015-03-31,2015,21928,485,90
2015-03-31,2015,21928,485,90
2015-04-01,2015,21142,427,81
2015-04-02,2015,19896,429,83
2015-04-03,2015,7343,376,82
2015-04-04,2015,19855,434,83
2015-04-05,2015,22339,422,91
2015-04-06,2015,22564,344,76
2015-04-07,2015,24060,430,86
2015-04-08,2015,19572,376,85
2015-04-09,2015,12907,444,90
2015-04-10,2015,19083,409,89
2015-04-11,2015,26624,420,86
2015-04-12,2015,22668,432,91
2015-04-13,2015,20012,391,82
2015-04-14,2015,20039,453,85
2015-04-15,2015,20746,330,75
2015-04-16,2015,25457,343,88
2015-04-17,2015,24055,386,82
2015-04-18,2015,20269,394,87
2015-04-19,2015,23465,346,80
2015-04-20,2015,23713,429,88
2015-04-21,2015,21376,395,82
2015-04-22,2015,20051,419,87
2015-04-23,2015,15728,378,89
2015-04-24,2015,11800,471,95
2015-04-25,2015,23699,385,81
2015-04-26,2015,27231,414,82
2015-04-27,2015,21011,174,95
2015-04-28,2015,21600,391,75
2015-04-29,2015,10032,346,82
2015-04-30,2015,28021,318,91
2015-04-30,2015,28021,318,91
2015-05-01,2015,21469,338,77
2015-05-02,2015,23736,383,89
2015-05-03,2015,23193,357,85
2015-05-04,2015,19789,411,80
2015-05-05,2015,22506,353,78
2015-05-06,2015,12804,393,88
2015-05-07,2015,19174,338,87
2015-05-08,2015,26196,385,84
2015-05-09,2015,24034,414,87
2015-05-10,2015,17419,429,92
2015-05-11,2015,21826,319,80
2015-05-12,2015,20216,395,88
2015-05-13,2015,20100,300,88
2015-05-14,2015,17854,341,88
2015-05-15,2015,11979,429,84
2015-05-16,2015,17898,386,75
2015-05-17,2015,19717,222,60
2015-05-18,2015,20593,412,90
2015-05-19,2015,22799,366,92
2015-05-20,2015,20961,392,80
2015-05-21,2015,21558,397,81
2015-05-22,2015,18614,371,84
2015-05-23,2015,23272,396,88
2015-05-24,2015,27908,441,86
2015-05-25,2015,10645,384,85
2015-05-26,2015,20220,300,84
2015-05-27,2015,22127,315,87
2015-05-28,2015,16614,337,83
2015-05-29,2015,17975,416,87
2015-05-30,2015,23354,348,79
2015-05-30,2015,23354,348,79
2015-05-31,2015,8799,345,83
2015-06-01,2015,17615,512,91
2015-06-02,2015,17966,469,84
2015-06-03,2015,23511,398,88
2015-06-04,2015,19304,364,78
2015-06-05,2015,24724,354,85
2015-06-06,2015,10707,411,82
2015-06-07,2015,27779,416,80
2015-06-09,2015,22725,435,89
2015-06-10,2015,16773,352,92
2015-06-12,2015,11555,241,86
2015-06-13,2015,20545,440,91
2015-06-15,2015,20131,395,86
2015-06-16,2015,27763,336,84
2015-06-17,2015,24676,403,61
2015-06-18,2015,9590,25,100
2015-06-18,2015,9590,339,76
2015-06-20,2015,22955,378,83
2015-06-21,2015,25740,315,80
2015-06-22,2015,20210,352,85
2015-06-23,2015,18141,339,85
2015-06-24,2015,22833,388,93
2015-06-25,2015,7128,337,39
2015-06-25,2015,7128,198,46
2015-06-27,2015,33258,291,65
2015-06-28,2015,21350,382,88
2015-06-29,2015,19512,0,0
2015-06-29,2015,19512,305,74
2015-06-29,2015,19512,0,0
2015-06-29,2015,19512,305,74
2015-06-30,2015,17371,346,82
2015-07-01,2015,23316,353,89
2015-07-02,2015,23107,238,78
2015-07-03,2015,10672,341,83
2015-07-04,2015,23784,354,82
2015-07-05,2015,20818,378,74
2015-07-06,2015,21656,389,92
2015-07-07,2015,23406,322,70
2015-07-08,2015,21917,312,74
2015-07-09,2015,26620,401,87
2015-07-10,2015,19886,426,87
2015-07-11,2015,23265,0,0
2015-07-11,2015,23265,381,85
2015-07-12,2015,13536,351,84
2015-07-13,2015,24598,298,66
2015-07-14,2015,22462,368,82
2015-07-15,2015,20477,411,35
2015-07-16,2015,20784,333,84
2015-07-17,2015,19811,447,83
2015-07-18,2015,9881,373,79
2015-07-19,2015,23890,416,81
2015-07-20,2015,22798,445,95
2015-07-21,2015,21119,471,98
2015-07-22,2015,18829,450,88
2015-07-23,2015,20862,10,100
2015-07-23,2015,20862,421,92
2015-07-24,2015,18940,351,78
2015-07-25,2015,19294,359,83
2015-07-26,2015,9637,450,86
2015-07-27,2015,20050,402,85
2015-07-28,2015,25656,421,86
2015-07-29,2015,18525,406,86
2015-07-29,2015,18525,406,86
2015-07-30,2015,14415,381,82
2015-07-31,2015,19036,426,87
2015-08-01,2015,22267,341,71
2015-08-02,2015,24822,378,81
2015-08-03,2015,28079,360,94
2015-08-04,2015,23955,348,81
2015-08-05,2015,27109,343,81
2015-08-06,2015,13250,365,80
2015-08-07,2015,28262,387,88
2015-08-08,2015,27360,362,82
2015-08-09,2015,23260,385,86
2015-08-10,2015,23368,376,87
2015-08-11,2015,26950,204,79
2015-08-12,2015,15308,428,90
2015-08-13,2015,24298,396,89
2015-08-14,2015,12062,314,98
2015-08-15,2015,20212,342,81
2015-08-16,2015,24184,338,74
2015-08-18,2015,24629,474,100
2015-08-19,2015,22350,467,92
2015-08-20,2015,24018,140,74
2015-08-24,2015,16075,366,74
2015-08-25,2015,22078,290,81
2015-08-26,2015,23507,337,75
2015-08-27,2015,24936,416,87
2015-08-28,2015,20390,439,89
2015-08-28,2015,20390,439,89
2015-08-29,2015,6058,390,84
2015-08-30,2015,23674,406,90
2015-08-31,2015,23690,369,78
2015-09-01,2015,20917,469,89
2015-09-02,2015,18937,409,80
2015-09-03,2015,20835,365,78
2015-09-04,2015,19784,342,75
2015-09-05,2015,13097,412,81
2015-09-06,2015,23875,442,93
2015-09-07,2015,19175,328,83
2015-09-08,2015,18018,362,75
2015-09-09,2015,18474,427,85
2015-09-10,2015,19436,303,83
2015-09-11,2015,9979,389,74
2015-09-12,2015,18742,363,84
2015-09-13,2015,24495,381,82
2015-09-15,2015,20127,392,79
2015-09-16,2015,16144,456,89
2015-09-17,2015,20980,405,81
2015-09-18,2015,10383,368,81
2015-09-19,2015,17978,409,87
2015-09-20,2015,19382,386,72
2015-09-21,2015,19901,338,78
2015-09-22,2015,16021,373,84
2015-09-23,2015,21269,422,79
2015-09-24,2015,23423,469,82
2015-09-25,2015,15996,352,81
2015-09-26,2015,24409,446,85
2015-09-27,2015,33772,415,87
2015-09-27,2015,33772,415,87
2015-09-28,2015,24053,0,0
2015-09-28,2015,24053,408,81
2015-09-29,2015,17454,453,88
2015-09-30,2015,17604,417,91
2015-10-01,2015,19632,396,84
2015-10-02,2015,11834,377,89
2015-10-03,2015,18913,490,86
2015-10-03,2015,18913,0,0
2015-10-04,2015,26932,452,90
2015-10-05,2015,24157,346,73
2015-10-06,2015,20115,407,84
2015-10-07,2015,16029,384,86
2015-10-08,2015,20213,390,79
2015-10-09,2015,9420,460,91
2015-10-10,2015,20360,427,91
2015-10-11,2015,17562,359,81
2015-10-13,2015,19024,356,76
2015-10-15,2015,21155,414,87
2015-10-16,2015,15118,419,78
2015-10-17,2015,16735,361,76
2015-10-18,2015,16572,455,83
2015-10-19,2015,19820,471,87
2015-10-20,2015,21096,444,78
2015-10-21,2015,23291,464,83
2015-10-22,2015,24307,359,83
2015-10-23,2015,8511,430,89
2015-10-24,2015,20635,402,82
2015-10-25,2015,20342,365,73
2015-10-26,2015,19833,476,88
2015-10-27,2015,23511,356,73
2015-10-27,2015,23511,356,73
2015-10-28,2015,18331,420,81
2015-10-29,2015,18387,447,86
2015-10-30,2015,19266,424,82
2015-10-31,2015,12898,334,76
2015-11-01,2015,21683,349,72
2015-11-02,2015,20423,406,79
2015-11-03,2015,15774,381,86
2015-11-04,2015,17921,412,92
2015-11-05,2015,20553,401,86
2015-11-06,2015,18160,401,86
2015-11-07,2015,7596,310,74
2015-11-08,2015,20449,406,88
2015-11-09,2015,18000,458,86
2015-11-10,2015,16046,403,81
2015-11-12,2015,17749,462,91
2015-11-13,2015,12805,445,91
2015-11-14,2015,19870,427,82
2015-11-15,2015,24520,412,82
2015-11-16,2015,20083,403,89
2015-11-17,2015,17766,381,81
2015-11-18,2015,19843,421,82
2015-11-19,2015,19222,427,76
2015-11-20,2015,14376,415,82
2015-11-21,2015,19867,500,86
2015-11-22,2015,26077,360,79
2015-11-23,2015,17926,408,79
2015-11-24,2015,15349,407,73
2015-11-25,2015,22440,325,70
2015-11-26,2015,23149,434,79
2015-11-26,2015,23149,434,79
2015-11-27,2015,13646,356,86
2015-11-28,2015,20480,353,79
2015-11-29,2015,19239,358,72
2015-11-30,2015,24720,351,79
2015-12-01,2015,19290,367,77
2015-12-02,2015,22712,349,76
2015-12-03,2015,20029,432,82
2015-12-04,2015,17288,402,79
2015-12-06,2015,24974,510,91
2015-12-07,2015,25034,455,90
2015-12-08,2015,18748,391,78
2015-12-09,2015,20619,429,91
2015-12-10,2015,18874,431,92
2015-12-11,2015,20722,356,81
2015-12-12,2015,10527,382,81
2015-12-13,2015,18602,462,88
2015-12-14,2015,23756,408,87
2015-12-15,2015,19441,418,81
2015-12-16,2015,19077,349,71
2015-12-17,2015,16719,422,83
2015-12-18,2015,18325,425,87
2015-12-19,2015,10029,406,85
2015-12-20,2015,18758,351,73
2015-12-21,2015,23270,416,86
2015-12-22,2015,20452,448,87
2015-12-23,2015,16814,372,83
2015-12-24,2015,19993,409,87
2015-12-25,2015,10723,375,82
2015-12-26,2015,26806,357,76
2015-12-26,2015,26806,357,76
2015-12-27,2015,19235,374,88
2015-12-28,2015,20838,403,79
2015-12-29,2015,21713,468,82
2015-12-30,2015,23162,499,84
2015-12-31,2015,20229,367,76
2016-01-01,2016,11888,334,78
2016-01-02,2016,21713,370,84
2016-01-04,2016,25257,359,80
2016-01-05,2016,17864,400,92
2016-01-06,2016,20084,412,88
2016-01-07,2016,18115,325,82
2016-01-08,2016,18683,400,80
2016-01-09,2016,16106,389,84
2016-01-10,2016,11599,331,92
2016-01-11,2016,25460,367,88
2016-01-12,2016,23397,346,85
2016-01-13,2016,20269,339,84
2016-01-14,2016,27179,390,82
2016-01-15,2016,20328,379,87
2016-01-16,2016,38097,374,92
2016-01-17,2016,22704,330,84
2016-01-18,2016,16855,287,77
2016-01-19,2016,3779,241,86
2016-01-20,2016,20073,599,69
2016-01-21,2016,17298,375,88
2016-01-22,2016,19440,403,74
2016-01-23,2016,22700,391,89
2016-01-24,2016,21868,395,86
2016-01-25,2016,16956,485,87
2016-01-25,2016,16956,485,87
2016-01-26,2016,10719,428,87
2016-01-27,2016,21958,414,83
2016-01-28,2016,19135,454,84
2016-01-29,2016,15936,445,83
2016-01-30,2016,22625,394,81
2016-01-31,2016,9434,462,83
2016-02-01,2016,23540,441,84
2016-02-02,2016,19154,369,81
2016-02-03,2016,21189,412,79
2016-02-05,2016,19149,377,91
2016-02-06,2016,26223,359,83
2016-02-07,2016,10260,374,73
2016-02-08,2016,17534,391,74
2016-02-10,2016,18665,424,83
2016-02-11,2016,17534,412,80
2016-02-12,2016,23008,354,75
2016-02-13,2016,14262,358,72
2016-02-14,2016,21849,388,86
2016-02-15,2016,21419,415,84
2016-02-16,2016,7932,404,80
2016-02-17,2016,25057,301,84
2016-02-18,2016,20605,427,85
2016-02-19,2016,18972,449,83
2016-02-20,2016,15010,382,80
2016-02-21,2016,25976,484,91
2016-02-22,2016,21079,357,84
2016-02-23,2016,19898,383,73
2016-02-24,2016,17833,391,82
2016-02-24,2016,17833,391,82
2016-02-26,2016,18180,411,83
2016-02-27,2016,10602,372,71
2016-02-28,2016,21954,385,82
2016-02-29,2016,20449,354,75
2016-03-01,2016,17799,431,81
2016-03-02,2016,25752,366,77
2016-03-03,2016,21740,529,88
2016-03-04,2016,19539,271,94
2016-03-05,2016,20649,275,76
2016-03-06,2016,5742,314,69
2016-03-07,2016,21515,385,87
2016-03-08,2016,18825,407,90
2016-03-09,2016,18053,322,85
2016-03-10,2016,19895,395,76
2016-03-11,2016,18573,375,88
2016-03-12,2016,19490,317,78
2016-03-13,2016,13041,399,89
2016-03-14,2016,19539,448,84
2016-03-15,2016,19095,355,77
2016-03-19,2016,13392,408,81
2016-03-20,2016,24679,450,85
2016-03-21,2016,21319,408,88
2016-03-23,2016,19435,412,82
2016-03-24,2016,20557,411,83
2016-03-25,2016,20506,376,81
2016-03-25,2016,20506,376,81
2016-03-26,2016,13638,431,84
2016-03-27,2016,21784,421,82
2016-03-29,2016,20463,389,71
2016-03-30,2016,18540,355,77
2016-03-31,2016,20604,380,81
2016-04-01,2016,19079,414,90
2016-04-03,2016,24028,454,91
2016-04-04,2016,20937,463,83
2016-04-05,2016,18471,301,67
2016-04-06,2016,19386,370,75
2016-04-07,2016,20224,353,70
2016-04-08,2016,21565,359,80
2016-04-09,2016,12280,413,81
2016-04-11,2016,20988,436,88
2016-04-12,2016,20502,426,86
2016-04-13,2016,19649,395,82
2016-04-14,2016,20424,425,81
2016-04-15,2016,17710,262,67
2016-04-16,2016,9933,383,75
2016-04-17,2016,18454,329,71
2016-04-18,2016,15807,358,77
2016-04-19,2016,20356,29,100
2016-04-19,2016,20356,435,76
2016-04-21,2016,22778,376,72
2016-04-23,2016,9054,299,89
2016-04-24,2016,20109,334,73
2016-04-24,2016,20109,334,73
2016-04-25,2016,22015,414,79
2016-04-26,2016,21028,398,85
2016-04-27,2016,20604,436,85
2016-04-28,2016,16012,415,85
2016-04-29,2016,11591,325,79
2016-04-30,2016,18123,458,86
2016-05-01,2016,25890,433,93
2016-05-02,2016,23695,361,75
2016-05-03,2016,20035,406,85
2016-05-05,2016,22602,395,84
2016-05-06,2016,20779,426,90
2016-05-07,2016,10316,346,73
2016-05-08,2016,20120,418,85
2016-05-09,2016,19830,437,87
2016-05-10,2016,23319,391,83
2016-05-11,2016,22279,482,90
2016-05-12,2016,20375,396,83
2016-05-13,2016,21276,384,77
2016-05-14,2016,9750,411,89
2016-05-15,2016,17488,384,84
2016-05-16,2016,19032,432,90
2016-05-17,2016,20310,340,81
2016-05-18,2016,19205,432,86
2016-05-19,2016,27950,335,78
2016-05-20,2016,22478,387,84
2016-05-21,2016,13089,339,94
2016-05-22,2016,18086,413,82
2016-05-23,2016,19294,387,82
2016-05-24,2016,21545,347,69
2016-05-24,2016,21545,347,69
2016-05-25,2016,19485,371,81
2016-05-26,2016,18683,398,79
2016-05-27,2016,21715,384,84
2016-05-29,2016,22988,330,77
2016-05-30,2016,21485,330,80
2016-05-31,2016,18875,419,84
2016-06-01,2016,23701,381,84
2016-06-02,2016,27276,367,70
2016-06-03,2016,21901,332,72
2016-06-04,2016,12706,19,100
2016-06-04,2016,12706,301,66
2016-06-05,2016,19240,381,75
2016-06-06,2016,21482,465,87
2016-06-07,2016,19483,432,83
2016-06-08,2016,20700,426,87
2016-06-09,2016,21522,399,78
2016-06-10,2016,20470,373,83
2016-06-11,2016,10214,398,83
2016-06-12,2016,23869,434,84
2016-06-13,2016,22285,377,86
2016-06-14,2016,19249,326,66
2016-06-15,2016,20203,400,84
2016-06-16,2016,19434,420,83
2016-06-17,2016,22074,355,76
2016-06-18,2016,17895,417,79
2016-06-19,2016,18669,408,83
2016-06-20,2016,23340,361,74
2016-06-21,2016,9086,394,82
2016-06-22,2016,20782,386,82
2016-06-24,2016,20035,413,83
2016-06-26,2016,7409,339,74
2016-06-27,2016,20688,312,69
2016-06-28,2016,20844,304,66
2016-06-29,2016,19763,401,87
2016-06-30,2016,16910,261,61
2016-07-01,2016,18264,418,83
2016-07-02,2016,19945,284,69
2016-07-03,2016,10132,378,76
2016-07-04,2016,24997,371,89
2016-07-05,2016,18011,385,81
2016-07-06,2016,22472,402,87
2016-07-07,2016,25479,425,84
2016-07-08,2016,24194,396,79
2016-07-09,2016,17809,326,70
2016-07-10,2016,16823,346,79
2016-07-11,2016,22840,374,82
2016-07-12,2016,23583,369,76
2016-07-13,2016,20916,370,81
2016-07-14,2016,19507,428,87
2016-07-15,2016,20386,375,74
2016-07-16,2016,10423,359,86
2016-07-17,2016,15765,418,82
2016-07-18,2016,22894,348,68
2016-07-19,2016,18244,379,74
2016-07-20,2016,20201,447,89
2016-07-22,2016,20648,384,78
2016-07-23,2016,18695,275,80
2016-07-23,2016,18695,275,80
2016-07-24,2016,6422,360,75
2016-07-25,2016,23283,399,83
2016-07-26,2016,19516,335,72
2016-07-27,2016,20932,381,84
2016-07-28,2016,21259,427,90
2016-07-29,2016,19492,410,87
2016-07-30,2016,8563,389,82
2016-07-31,2016,18761,399,84
2016-08-01,2016,22461,381,74
2016-08-02,2016,20132,348,69
2016-08-03,2016,17088,399,80
2016-08-04,2016,16367,342,69
2016-08-05,2016,30612,325,71
2016-08-06,2016,16544,422,83
2016-08-07,2016,7294,387,89
2016-08-08,2016,23585,375,82
2016-08-09,2016,23865,413,85
2016-08-10,2016,20554,417,87
2016-08-11,2016,17589,391,82
2016-08-12,2016,18546,401,82
2016-08-13,2016,17505,332,71
2016-08-14,2016,10052,410,90
2016-08-15,2016,22574,292,91
2016-08-17,2016,17024,372,83
2016-08-18,2016,17738,346,76
2016-08-19,2016,19855,417,83
2016-08-21,2016,8526,375,83
2016-08-22,2016,29150,391,88
2016-08-22,2016,29150,391,88
2016-08-23,2016,31880,366,85
2016-08-24,2016,19809,373,82
2016-08-25,2016,13714,382,77
2016-08-26,2016,18207,389,90
2016-08-27,2016,17642,342,81
2016-08-28,2016,25357,374,75
2016-08-29,2016,10664,326,77
2016-08-30,2016,28500,371,80
2016-08-31,2016,17749,401,89
2016-09-01,2016,18944,423,85
2016-09-02,2016,17602,420,87
2016-09-03,2016,20338,345,82
2016-09-04,2016,6134,399,81
2016-09-05,2016,17047,351,77
2016-09-06,2016,17802,369,88
2016-09-06,2016,17802,329,69
2016-09-07,2016,13512,2,100
2016-09-08,2016,23974,388,89
2016-09-09,2016,9396,329,87
2016-09-10,2016,23272,429,75
2016-09-11,2016,24389,362,82
2016-09-12,2016,19066,7,100
2016-09-12,2016,19066,385,71
2016-09-13,2016,20546,342,72
2016-09-14,2016,20435,279,60
2016-09-15,2016,23369,401,80
2016-09-16,2016,9717,373,83
2016-09-17,2016,20608,340,84
2016-09-19,2016,19319,457,89
2016-09-20,2016,20162,401,84
2016-09-21,2016,18020,365,79
2016-09-21,2016,18020,365,79
2016-09-22,2016,23366,399,77
2016-09-23,2016,10514,357,78
2016-09-24,2016,17904,249,70
2016-09-25,2016,18378,404,86
2016-09-26,2016,20577,382,85
2016-09-27,2016,21584,327,68
2016-09-28,2016,15251,381,83
2016-09-29,2016,23867,422,82
2016-09-30,2016,13172,430,87
2016-10-01,2016,17912,376,93
2016-10-02,2016,20966,424,82
2016-10-03,2016,19789,383,79
2016-10-04,2016,22212,449,88
2016-10-05,2016,19264,370,80
2016-10-06,2016,21699,380,80
2016-10-07,2016,9039,356,92
2016-10-08,2016,19029,389,85
2016-10-09,2016,18454,355,80
2016-10-10,2016,18180,399,86
2016-10-11,2016,18979,427,94
2016-10-12,2016,15927,346,74
2016-10-13,2016,22745,366,80
2016-10-14,2016,10754,350,79
2016-10-15,2016,22407,382,82
2016-10-16,2016,21881,358,80
2016-10-17,2016,22409,348,78
2016-10-18,2016,17009,373,85
2016-10-19,2016,19838,398,83
2016-10-20,2016,17928,401,88
2016-10-21,2016,6042,445,93
2016-10-21,2016,6042,445,93
2016-10-22,2016,17791,425,86
2016-10-23,2016,25537,444,83
2016-10-24,2016,23047,373,78
2016-10-25,2016,20962,477,92
2016-10-26,2016,18542,331,88
2016-10-27,2016,18828,395,83
2016-10-28,2016,21271,400,78
2016-10-29,2016,12749,431,86
2016-10-30,2016,17873,422,84
2016-10-31,2016,22100,432,81
2016-11-01,2016,23145,352,84
2016-11-02,2016,18798,397,79
2016-11-03,2016,18337,337,90
2016-11-04,2016,24832,370,71
2016-11-05,2016,12485,419,82
2016-11-06,2016,25608,383,79
2016-11-07,2016,25977,347,82
2016-11-08,2016,14919,403,85
2016-11-09,2016,15611,354,77
2016-11-10,2016,26083,296,73
2016-11-11,2016,13409,358,79
2016-11-12,2016,16913,327,73
2016-11-13,2016,16507,356,66
2016-11-14,2016,18152,389,75
2016-11-15,2016,19497,333,76
2016-11-16,2016,18484,0,0
2016-11-16,2016,18484,502,77
2016-11-17,2016,20120,411,83
2016-11-18,2016,11676,395,81
2016-11-19,2016,22905,295,85
2016-11-20,2016,26476,341,72
2016-11-20,2016,26476,341,72
2016-11-21,2016,23338,394,87
2016-11-22,2016,22432,351,73
2016-11-23,2016,17770,319,89
2016-11-24,2016,20289,406,82
2016-11-25,2016,12440,426,87
2016-11-26,2016,19999,269,80
2016-11-27,2016,18729,365,74
2016-11-28,2016,16365,394,77
2016-11-29,2016,17995,406,84
2016-11-30,2016,21695,358,87
2016-12-02,2016,7151,379,80
2016-12-03,2016,24587,392,87
2016-12-04,2016,20284,436,90
2016-12-05,2016,18145,358,71
2016-12-06,2016,18625,425,86
2016-12-07,2016,20761,363,78
2016-12-08,2016,19643,363,79
2016-12-09,2016,4765,944,99
2016-12-09,2016,4765,379,79
2016-12-11,2016,18830,379,76
2016-12-12,2016,19074,389,75
2016-12-13,2016,19474,361,76
2016-12-14,2016,21097,367,76
2016-12-15,2016,9119,372,82
2016-12-16,2016,20067,421,84
2016-12-17,2016,9016,436,83
2016-12-18,2016,18279,425,96
2016-12-19,2016,22003,366,80
2016-12-20,2016,19765,350,86
2016-12-20,2016,19765,350,86
2016-12-21,2016,18832,414,84
2016-12-22,2016,18009,353,87
2016-12-23,2016,19925,386,82
2016-12-24,2016,25479,354,81
2016-12-25,2016,12731,298,73
2016-12-26,2016,20245,431,87
2016-12-27,2016,20614,422,85
2016-12-28,2016,18115,409,84
2016-12-29,2016,16188,353,66
2016-12-30,2016,16936,443,86
2016-12-31,2016,19420,411,90
2017-01-01,2017,18964,398,87
2017-01-02,2017,22228,352,79
2017-01-03,2017,21944,361,74
2017-01-04,2017,19220,413,83
2017-01-05,2017,19986,393,87
2017-01-06,2017,20090,405,85
2017-01-07,2017,10546,438,80
2017-01-08,2017,22328,458,89
2017-01-09,2017,20495,460,82
2017-01-10,2017,19625,376,81
2017-01-11,2017,19800,340,66
2017-01-12,2017,17549,386,79
2017-01-13,2017,19234,442,87
2017-01-14,2017,9054,428,84
2017-01-16,2017,17554,461,91
2017-01-17,2017,20702,412,81
2017-01-18,2017,17521,393,81
2017-01-19,2017,17365,377,82
2017-01-19,2017,17365,377,82
2017-01-20,2017,16545,412,88
2017-01-21,2017,12252,357,66
2017-01-22,2017,18757,451,86
2017-01-23,2017,17485,424,81
2017-01-24,2017,21861,444,91
2017-01-25,2017,19358,414,84
2017-01-26,2017,20616,395,80
2017-01-27,2017,18910,390,74
2017-01-28,2017,7846,449,82
2017-01-29,2017,22728,316,76
2017-01-30,2017,19863,384,77
2017-01-31,2017,17686,428,85
2017-02-01,2017,18184,414,89
2017-02-02,2017,19957,413,86
2017-02-03,2017,17619,335,82
2017-02-04,2017,16419,443,88
2017-02-05,2017,28060,431,87
2017-02-06,2017,19820,427,84
2017-02-07,2017,17022,414,78
2017-02-08,2017,18280,410,79
2017-02-09,2017,23108,426,84
2017-02-10,2017,16783,368,68
2017-02-11,2017,23871,417,80
2017-02-12,2017,26691,413,79
2017-02-13,2017,20496,335,69
2017-02-14,2017,18554,477,88
2017-02-15,2017,17758,431,84
2017-02-16,2017,22804,383,82
2017-02-17,2017,18261,395,87
2017-02-19,2017,20025,302,72
2017-02-20,2017,19440,302,77
2017-02-21,2017,17897,416,77
2017-02-22,2017,20226,418,91
2017-02-23,2017,22172,307,66
2017-02-24,2017,20420,386,87
2017-02-25,2017,7758,413,84
2017-02-26,2017,21334,412,87
2017-02-27,2017,19795,364,77
2017-02-28,2017,17777,389,80
2017-03-01,2017,18687,357,67
2017-03-02,2017,20426,386,80
2017-03-03,2017,17832,403,80
2017-03-04,2017,14090,365,72
2017-03-05,2017,18794,374,80
2017-03-06,2017,23861,398,77
2017-03-07,2017,18459,448,90
2017-03-08,2017,20678,294,78
2017-03-09,2017,17713,390,87
2017-03-10,2017,21568,374,85
2017-03-11,2017,13961,337,70
2017-03-12,2017,22262,419,83
2017-03-13,2017,20876,431,79
2017-03-14,2017,18669,408,83
2017-03-15,2017,21027,381,85
2017-03-16,2017,20534,394,83
2017-03-17,2017,17092,411,80
2017-03-18,2017,10340,440,88
2017-03-19,2017,19674,460,87
2017-03-21,2017,19563,391,80
2017-03-22,2017,18247,452,81
2017-03-23,2017,17221,404,82
2017-03-24,2017,17135,395,84
2017-03-25,2017,13879,395,79
2017-03-26,2017,19671,365,78
2017-03-27,2017,23166,452,90
2017-03-28,2017,20559,461,87
2017-03-29,2017,19556,459,88
2017-03-30,2017,19717,416,84
2017-03-31,2017,17329,366,76
2017-04-01,2017,8560,409,84
2017-04-02,2017,20908,287,65
2017-04-03,2017,18667,445,84
2017-04-04,2017,22644,371,86
2017-04-05,2017,19459,427,84
2017-04-06,2017,19029,423,82
2017-04-07,2017,16547,389,89
2017-04-08,2017,10791,463,89
2017-04-09,2017,27845,385,87
2017-04-10,2017,27414,334,79
2017-04-11,2017,26729,449,83
2017-04-12,2017,19804,397,76
2017-04-13,2017,18323,437,85
2017-04-14,2017,11485,405,83
2017-04-15,2017,21542,435,90
2017-04-16,2017,22306,361,81
2017-04-17,2017,20078,431,85
2017-04-18,2017,21945,455,89
2017-04-19,2017,17289,462,90
2017-04-19,2017,17289,462,90
2017-04-20,2017,19961,404,88
2017-04-21,2017,21020,335,72
2017-04-22,2017,12224,367,71
2017-04-23,2017,17947,430,80
2017-04-24,2017,24590,440,89
2017-04-25,2017,21887,375,75
2017-04-26,2017,16478,381,85
2017-04-27,2017,22515,403,76
2017-04-28,2017,24606,431,84
2017-04-29,2017,10274,428,82
2017-04-30,2017,19996,464,81
2017-05-01,2017,21324,233,91
2017-05-02,2017,19088,365,78
2017-05-03,2017,21779,313,76
2017-05-04,2017,22448,351,73
2017-05-05,2017,22140,393,76
2017-05-06,2017,8309,336,81
2017-05-07,2017,19768,383,76
2017-05-08,2017,22077,439,83
2017-05-09,2017,20328,357,73
2017-05-10,2017,19448,434,83
2017-05-11,2017,19168,409,88
2017-05-12,2017,17523,310,70
2017-05-13,2017,12978,399,86
2017-05-14,2017,22945,390,81
2017-05-15,2017,18372,416,87
2017-05-16,2017,21532,405,82
2017-05-17,2017,18281,393,85
2017-05-18,2017,19582,339,74
2017-05-19,2017,17864,403,77
2017-05-19,2017,17864,403,77
2017-05-20,2017,7844,334,75
2017-05-21,2017,23993,302,77
2017-05-22,2017,25043,269,83
2017-05-23,2017,20347,443,86
2017-05-24,2017,22200,424,82
2017-05-25,2017,18485,375,77
2017-05-26,2017,22774,436,83
2017-05-27,2017,6792,478,84
2017-05-28,2017,21997,55,44
2017-05-28,2017,21997,372,76
2017-05-29,2017,21943,374,87
2017-05-30,2017,20154,357,74
2017-05-31,2017,18493,398,79
2017-06-01,2017,22485,444,83
2017-06-02,2017,19953,417,80
2017-06-03,2017,21177,367,78
2017-06-04,2017,12739,478,93
2017-06-05,2017,22267,425,84
2017-06-06,2017,21577,410,87
2017-06-07,2017,19914,453,86
2017-06-08,2017,19508,423,84
2017-06-09,2017,27596,409,86
2017-06-10,2017,6711,256,70
2017-06-11,2017,22525,411,81
2017-06-12,2017,26735,386,79
2017-06-13,2017,21722,359,81
2017-06-14,2017,24819,317,77
2017-06-15,2017,19133,402,79
2017-06-16,2017,21066,392,82
2017-06-17,2017,11161,407,87
2017-06-18,2017,17084,355,79
2017-06-18,2017,17084,355,79
2017-06-20,2017,20251,444,79
2017-06-21,2017,22506,397,80
2017-06-22,2017,19680,377,75
2017-06-23,2017,9658,397,80
2017-06-24,2017,35480,429,89
2017-06-25,2017,22409,348,72
2017-06-26,2017,23835,332,75
2017-06-27,2017,19353,369,87
2017-06-28,2017,21936,366,80
2017-06-29,2017,13351,391,84
2017-06-30,2017,10274,383,90
2017-07-01,2017,12758,421,94
2017-07-02,2017,10229,388,89
2017-07-03,2017,15442,357,85
2017-07-04,2017,13464,448,88
2017-07-05,2017,10509,274,51
2017-07-06,2017,13746,386,66
2017-07-07,2017,16705,297,67
2017-07-08,2017,8778,324,68
2017-07-09,2017,15948,262,64
2017-07-10,2017,8667,408,83
2017-07-11,2017,16964,344,77
2017-07-12,2017,8830,359,81
2017-07-13,2017,15973,336,76
2017-07-14,2017,16044,407,84
2017-07-15,2017,12874,385,78
2017-07-16,2017,18606,377,81
2017-07-17,2017,12432,388,84
2017-07-18,2017,16451,388,91
2017-07-18,2017,16451,388,91
2017-07-19,2017,10426,432,88
2017-07-20,2017,15522,400,84
2017-07-21,2017,15960,391,86
2017-07-22,2017,25211,414,94
2017-07-23,2017,12370,433,80
2017-07-24,2017,18911,451,88
2017-07-25,2017,9497,377,76
2017-07-26,2017,17883,421,81
2017-07-27,2017,10874,453,85
2017-07-28,2017,21205,373,81
2017-07-29,2017,19395,412,85
2017-07-30,2017,9186,401,82
2017-07-31,2017,21352,397,85
2017-08-01,2017,10802,383,78
2017-08-02,2017,21261,393,85
2017-08-03,2017,20297,367,73
2017-08-04,2017,10190,405,81
2017-08-05,2017,18845,384,86
2017-08-06,2017,17642,391,74
2017-08-07,2017,24443,380,79
2017-08-08,2017,18837,540,100
2017-08-09,2017,22192,529,100
2017-08-10,2017,24862,430,100
2017-08-11,2017,21690,526,100
2017-08-12,2017,20279,437,100
2017-08-13,2017,9366,480,100
2017-08-14,2017,20594,254,52
2017-08-15,2017,26174,210,63
2017-08-16,2017,21282,318,59
2017-08-17,2017,15491,223,52
2017-08-17,2017,15491,223,52
2017-08-18,2017,22315,272,60
2017-08-19,2017,22982,288,63
2017-08-20,2017,15300,188,40
2017-08-21,2017,10791,263,55
2017-08-22,2017,24119,279,61
2017-08-23,2017,17286,531,100
2017-08-24,2017,22993,278,52
2017-08-25,2017,21617,434,94
2017-08-26,2017,14516,482,96
2017-08-27,2017,13837,447,92
2017-08-28,2017,24860,552,96
2017-08-29,2017,12320,516,96
2017-08-30,2017,21740,505,96
2017-08-31,2017,14165,501,95
2017-09-01,2017,18590,453,90
2017-09-02,2017,9729,514,93
2017-09-03,2017,25026,343,94
2017-09-04,2017,11996,491,96
2017-09-05,2017,19991,477,94
2017-09-06,2017,13916,521,91
2017-09-07,2017,23624,481,98
2017-09-08,2017,16098,522,94
2017-09-09,2017,22486,433,91
2017-09-10,2017,20587,508,96
2017-09-11,2017,20781,483,94
2017-09-12,2017,16397,473,91
2017-09-13,2017,20529,478,90
2017-09-14,2017,16340,494,95
2017-09-15,2017,20785,464,94
2017-09-16,2017,9441,519,93
2017-09-16,2017,9441,519,93
2017-09-17,2017,23076,505,95
2017-09-18,2017,23611,420,95
2017-09-19,2017,15062,475,96
2017-09-20,2017,22957,505,95
2017-09-21,2017,15884,514,94
2017-09-22,2017,18604,541,94
2017-09-23,2017,12401,556,97
2017-09-24,2017,17417,442,93
2017-09-25,2017,24425,421,96
2017-09-26,2017,10168,595,97
2017-09-27,2017,23775,394,91
2017-09-28,2017,10446,242,96
2017-09-29,2017,23941,473,95
2017-09-30,2017,17291,543,98
2017-10-01,2017,15214,566,96
2017-10-02,2017,19673,428,94
2017-10-03,2017,23778,486,98
2017-10-04,2017,20548,483,96
2017-10-05,2017,16415,458,94
2017-10-06,2017,19909,394,97
2017-10-07,2017,17474,507,96
2017-10-08,2017,24639,443,94
2017-10-09,2017,10467,409,94
2017-10-10,2017,21428,509,95
2017-10-11,2017,18619,492,96
2017-10-12,2017,23933,478,96
2017-10-13,2017,11143,494,94
2017-10-14,2017,23265,504,94
2017-10-15,2017,19469,456,91
2017-10-16,2017,11885,486,92
2017-10-16,2017,11885,486,92
2017-10-17,2017,17107,561,94
2017-10-18,2017,23523,450,90
2017-10-19,2017,16976,353,90
2017-10-20,2017,22752,340,96
2017-10-21,2017,16761,514,94
2017-10-22,2017,26019,557,95
2017-10-23,2017,20946,476,97
2017-10-24,2017,18121,451,95
2017-10-25,2017,21888,437,95
2017-10-26,2017,23686,497,97
2017-10-27,2017,19625,418,92
2017-10-28,2017,11259,563,96
2017-10-29,2017,24355,475,94
2017-10-30,2017,22725,387,96
2017-10-31,2017,24811,462,97
2017-11-01,2017,22465,485,93
2017-11-02,2017,15648,382,96
2017-11-03,2017,22289,447,95
2017-11-04,2017,20215,487,93
2017-11-05,2017,15418,364,92
2017-11-06,2017,21025,442,94
2017-11-07,2017,25086,515,93
2017-11-08,2017,18201,519,96
2017-11-09,2017,31436,504,97
2017-11-10,2017,21560,442,97
2017-11-11,2017,13768,510,92
2017-11-12,2017,18023,490,97
2017-11-13,2017,23894,475,97
2017-11-14,2017,19723,550,92
2017-11-15,2017,21620,394,95
2017-11-15,2017,21620,394,95
2017-11-16,2017,6636,438,94
2017-11-17,2017,23742,488,98
2017-11-18,2017,22861,457,93
2017-11-19,2017,11323,469,96
2017-11-20,2017,21661,429,92
2017-11-21,2017,18850,505,97
2017-11-22,2017,24969,477,95
2017-11-23,2017,12833,325,97
2017-11-24,2017,24413,422,93
2017-11-25,2017,18756,466,98
2017-11-26,2017,21450,454,95
2017-11-27,2017,20101,479,92
2017-11-28,2017,16765,464,94
2017-11-29,2017,20712,467,95
2017-11-30,2017,22499,466,92
2017-12-01,2017,23370,437,92
2017-12-02,2017,26254,465,93
2017-12-03,2017,13997,527,91
2017-12-04,2017,19273,436,97
2017-12-05,2017,21181,444,92
2017-12-06,2017,24861,481,97
2017-12-07,2017,17702,515,98
2017-12-08,2017,14036,578,99
2017-12-09,2017,20762,580,97
2017-12-10,2017,23158,531,93
2017-12-11,2017,23777,583,96
2017-12-12,2017,13341,552,95
2017-12-13,2017,22996,556,95
2017-12-14,2017,27588,522,94
2017-12-15,2017,19007,542,97
2017-12-15,2017,19007,542,97
2017-12-16,2017,24405,375,98
2017-12-17,2017,11641,549,95
2017-12-18,2017,22261,559,98
2017-12-19,2017,22757,504,94
2017-12-20,2017,22865,519,95
2017-12-21,2017,11066,510,95
2017-12-22,2017,19855,518,94
2017-12-23,2017,25759,486,94
2017-12-24,2017,24754,472,96
2017-12-25,2017,11252,411,93
2017-12-26,2017,20953,520,94
2017-12-27,2017,19476,455,93
2017-12-28,2017,25457,407,92
2017-12-29,2017,27029,496,96
2017-12-30,2017,13423,521,96
2017-12-31,2017,24732,471,96
2018-01-01,2018,20957,63,90
2018-01-01,2018,20957,471,96
2018-01-02,2018,23943,513,97
2018-01-03,2018,18691,460,95
2018-01-04,2018,12942,451,97
2018-01-05,2018,23923,523,97
2018-01-06,2018,21986,519,95
2018-01-07,2018,20726,447,96
2018-01-08,2018,27151,434,94
2018-01-09,2018,19864,486,96
2018-01-10,2018,21355,498,94
2018-01-11,2018,25000,465,96
2018-01-12,2018,22868,469,95
2018-01-13,2018,18205,497,98
2018-01-14,2018,9264,473,96
2018-01-14,2018,9264,473,96
2018-01-15,2018,25861,459,95
2018-01-16,2018,27353,428,94
2018-01-17,2018,25539,410,95
2018-01-18,2018,25946,511,96
2018-01-19,2018,10111,429,95
2018-01-20,2018,24232,110,94
2018-01-20,2018,24232,287,95
2018-01-21,2018,25589,478,95
2018-01-22,2018,24909,494,91
2018-01-23,2018,28723,496,95
2018-01-24,2018,12406,494,97
2018-01-25,2018,27656,488,95
2018-01-26,2018,22063,512,96
2018-01-27,2018,25737,443,97
2018-01-28,2018,31355,476,96
2018-01-29,2018,18639,470,97
2018-01-30,2018,25292,492,95
2018-01-31,2018,20933,480,95
2018-02-01,2018,25312,378,99
2018-02-02,2018,11313,530,94
2018-02-03,2018,17383,505,93
2018-02-04,2018,23345,459,92
2018-02-05,2018,25333,454,95
2018-02-06,2018,28867,368,92
2018-02-07,2018,22655,446,91
2018-02-08,2018,26364,447,95
2018-02-09,2018,9283,531,96
2018-02-10,2018,24765,500,94
2018-02-11,2018,28384,481,97
2018-02-12,2018,21158,158,95
2018-02-12,2018,21158,218,92
2018-02-13,2018,24147,477,94
2018-02-13,2018,24147,477,94
2018-02-14,2018,24283,491,95
2018-02-15,2018,21096,488,93
2018-02-16,2018,13150,484,95
2018-02-17,2018,19984,416,99
2018-02-18,2018,22362,440,92
2018-02-19,2018,24193,484,95
2018-02-20,2018,27069,491,96
2018-02-21,2018,21528,311,97
2018-02-21,2018,21528,160,96
2018-02-22,2018,21595,482,91
2018-02-23,2018,27665,467,95
2018-02-24,2018,21993,479,92
2018-02-25,2018,21554,489,93
2018-02-26,2018,26901,408,95
2018-02-27,2018,24497,494,97
2018-02-28,2018,25736,441,97
2018-03-01,2018,9214,59,94
2018-03-01,2018,9214,495,96
2018-03-02,2018,23753,303,99
2018-03-03,2018,24670,492,97
2018-03-04,2018,23849,466,96
2018-03-05,2018,20496,515,97
2018-03-06,2018,19166,494,97
2018-03-07,2018,22486,509,95
2018-03-08,2018,20860,485,94
2018-03-09,2018,21637,469,95
2018-03-10,2018,21811,93,98
2018-03-10,2018,21811,495,96
2018-03-11,2018,24416,514,96
2018-03-12,2018,26616,456,92
2018-03-13,2018,25381,466,97
2018-03-14,2018,11930,479,92
2018-03-15,2018,20940,495,96
2018-03-15,2018,20940,495,96
2018-03-16,2018,20410,431,96
2018-03-17,2018,22375,542,97
2018-03-18,2018,16141,512,95
2018-03-19,2018,23182,513,95
2018-03-20,2018,19365,545,95
2018-03-21,2018,19781,497,96
2018-03-22,2018,22079,512,94
2018-03-23,2018,25616,543,96
2018-03-24,2018,26208,533,93
2018-03-25,2018,20188,501,91
2018-03-26,2018,22835,499,95
2018-03-27,2018,25831,525,96
2018-03-28,2018,15240,491,96
2018-03-29,2018,28810,513,91
2018-03-30,2018,21235,461,94
2018-03-31,2018,22059,507,95
2018-04-01,2018,21456,489,93
2018-04-02,2018,19386,482,96
2018-04-03,2018,24804,523,96
2018-04-04,2018,14346,475,94
2018-04-05,2018,24641,439,96
2018-04-06,2018,23321,507,96
2018-04-07,2018,27607,507,89
2018-04-08,2018,28701,514,95
2018-04-09,2018,18895,479,96
2018-04-10,2018,27957,463,93
2018-04-11,2018,23941,506,93
2018-04-12,2018,25469,480,93
2018-04-13,2018,23085,502,94
2018-04-14,2018,15567,487,96
2018-04-14,2018,15567,487,96
2018-04-15,2018,27833,498,97
2018-04-16,2018,20008,511,96
2018-04-17,2018,23966,480,94
2018-04-18,2018,20061,479,94
2018-04-19,2018,24027,462,97
2018-04-20,2018,12719,416,93
2018-04-21,2018,24789,80,98
2018-04-21,2018,24789,161,91
2018-04-22,2018,23076,434,95
2018-04-23,2018,20136,491,98
2018-04-24,2018,19600,485,93
2018-04-25,2018,25317,538,96
2018-04-26,2018,17689,447,96
2018-04-27,2018,17868,359,99
2018-04-28,2018,26418,432,95
2018-04-29,2018,24943,477,94
2018-04-30,2018,21970,444,98
2018-05-01,2018,24747,496,96
2018-05-02,2018,12833,496,93
2018-05-03,2018,36843,449,93
2018-05-04,2018,20481,507,95
2018-05-05,2018,15751,465,93
2018-05-06,2018,22207,461,90
2018-05-07,2018,25421,476,93
2018-05-08,2018,23543,454,92
2018-05-09,2018,24183,502,97
2018-05-10,2018,19132,472,95
2018-05-11,2018,29267,445,97
2018-05-12,2018,12988,518,91
2018-05-13,2018,22528,619,96
2018-05-14,2018,28561,429,94
2018-05-14,2018,28561,429,94
2018-05-15,2018,30102,428,92
2018-05-16,2018,28014,460,95
2018-05-17,2018,28923,480,92
2018-05-18,2018,11835,512,96
2018-05-19,2018,23018,432,94
2018-05-20,2018,25401,452,95
2018-05-21,2018,19474,516,95
2018-05-22,2018,24582,508,94
2018-05-23,2018,20476,425,94
2018-05-24,2018,19246,482,95
2018-05-25,2018,21583,471,92
2018-05-26,2018,19001,471,97
2018-05-27,2018,25901,456,97
2018-05-28,2018,27725,549,95
2018-05-29,2018,26265,477,93
2018-05-30,2018,21083,471,94
2018-05-31,2018,17478,515,96
2018-06-01,2018,22350,510,96
2018-06-02,2018,21123,506,94
2018-06-03,2018,15245,536,96
2018-06-04,2018,25463,488,95
2018-06-05,2018,22516,543,97
2018-06-06,2018,13925,504,96
2018-06-07,2018,20869,494,94
2018-06-08,2018,23453,179,99
2018-06-08,2018,23453,164,92
2018-06-09,2018,19809,432,96
2018-06-10,2018,25108,435,93
2018-06-11,2018,26244,428,97
2018-06-12,2018,13126,505,93
2018-06-13,2018,21270,392,93
2018-06-13,2018,21270,392,93
2018-06-14,2018,22672,541,90
2018-06-15,2018,22993,479,95
2018-06-16,2018,16376,547,95
2018-06-17,2018,20880,487,96
2018-06-18,2018,19985,458,95
2018-06-19,2018,27875,444,94
2018-06-20,2018,21293,441,96
2018-06-21,2018,22027,492,95
2018-06-22,2018,13048,518,95
2018-06-23,2018,29642,444,95
2018-06-24,2018,24194,491,92
2018-06-25,2018,29317,373,94
2018-06-26,2018,27496,501,97
2018-06-27,2018,21562,384,94
2018-06-28,2018,13823,67,100
2018-06-28,2018,13823,552,94
2018-06-29,2018,26400,426,97
2018-06-30,2018,23887,488,91
2018-07-01,2018,27225,400,95
2018-07-02,2018,24046,522,93
2018-07-03,2018,24821,474,95
2018-07-04,2018,12234,474,95
2018-07-05,2018,27706,509,94
2018-07-06,2018,20049,479,96
2018-07-07,2018,30517,412,96
2018-07-08,2018,27150,457,97
2018-07-09,2018,21883,520,94
2018-07-10,2018,17508,466,94
2018-07-11,2018,20175,586,94
2018-07-12,2018,29153,462,94
2018-07-13,2018,21783,62,94
2018-07-13,2018,21783,546,96
2018-07-13,2018,21783,62,94
2018-07-13,2018,21783,546,96
2018-07-14,2018,25792,504,94
2018-07-15,2018,15404,498,93
2018-07-16,2018,20885,455,92
2018-07-17,2018,22053,373,95
2018-07-18,2018,21980,478,94
2018-07-19,2018,25556,491,92
2018-07-20,2018,24809,469,94
2018-07-21,2018,24036,484,96
2018-07-22,2018,12315,435,92
2018-07-23,2018,25297,441,96
2018-07-24,2018,30995,343,95
2018-07-25,2018,31136,453,95
2018-07-26,2018,14393,467,94
2018-07-27,2018,21112,476,95
2018-07-28,2018,42464,369,92
2018-07-29,2018,21551,386,92
2018-07-30,2018,20189,413,90
2018-07-31,2018,23821,481,92
2018-08-01,2018,21242,484,97
2018-08-02,2018,18792,540,94
2018-08-03,2018,24216,437,96
2018-08-04,2018,24654,432,97
2018-08-05,2018,26033,505,92
2018-08-06,2018,24092,418,96
2018-08-07,2018,29985,454,97
2018-08-08,2018,26608,483,98
2018-08-09,2018,25988,456,90
2018-08-10,2018,13175,440,91
2018-08-11,2018,28474,478,96
2018-08-12,2018,23138,401,95
2018-08-12,2018,23138,401,95
2018-08-13,2018,21355,583,93
2018-08-14,2018,23876,511,93
2018-08-15,2018,18091,450,96
2018-08-16,2018,19748,530,93
2018-08-17,2018,26704,450,94
2018-08-18,2018,22965,471,87
2018-08-19,2018,26550,536,92
2018-08-20,2018,15831,279,97
2018-08-20,2018,15831,103,85
2018-08-21,2018,27945,528,95
2018-08-22,2018,15205,512,91
2018-08-23,2018,24040,431,91
2018-08-24,2018,20870,464,95
2018-08-25,2018,16440,471,91
2018-08-26,2018,36145,486,94
2018-08-27,2018,19724,470,95
2018-08-28,2018,25435,470,98
2018-08-29,2018,20678,475,97
2018-08-30,2018,25704,504,95
2018-08-31,2018,11804,525,97
2018-09-01,2018,21634,478,94
2018-09-02,2018,26307,444,93
2018-09-03,2018,25931,459,95
2018-09-04,2018,22048,424,95
2018-09-05,2018,16248,352,96
2018-09-06,2018,24811,583,98
2018-09-07,2018,18008,463,97
2018-09-08,2018,26208,480,95
2018-09-09,2018,26120,460,96
2018-09-10,2018,20790,479,94
2018-09-11,2018,7908,484,94
2018-09-11,2018,7908,484,94
2018-09-12,2018,24160,538,95
2018-09-13,2018,24315,475,95
2018-09-14,2018,18554,526,95
2018-09-15,2018,21043,422,96
2018-09-16,2018,26424,500,95
2018-09-17,2018,23016,469,92
2018-09-18,2018,10985,405,100
2018-09-19,2018,25100,547,96
2018-09-20,2018,24342,524,95
2018-09-21,2018,20221,507,93
2018-09-22,2018,16749,513,96
2018-09-23,2018,24381,501,96
2018-09-24,2018,10257,500,97
2018-09-25,2018,22351,503,97
2018-09-26,2018,20827,452,95
2018-09-27,2018,16341,433,95
2018-09-28,2018,19532,479,97
2018-09-29,2018,21600,424,97
2018-09-30,2018,12569,441,100
2018-10-01,2018,21187,502,99
2018-10-02,2018,26537,239,100
2018-10-03,2018,23707,504,95
2018-10-04,2018,20888,546,94
2018-10-05,2018,20841,529,97
2018-10-06,2018,10884,394,98
2018-10-07,2018,23261,439,96
2018-10-08,2018,24895,466,95
2018-10-09,2018,19258,515,96
2018-10-10,2018,21529,455,98
2018-10-11,2018,13238,474,98
2018-10-11,2018,13238,474,98
2018-10-12,2018,18226,487,96
2018-10-13,2018,23382,469,96
2018-10-14,2018,25099,483,97
2018-10-15,2018,22538,472,93
2018-10-16,2018,6807,491,98
2018-10-17,2018,23447,499,92
2018-10-18,2018,20449,72,97
2018-10-18,2018,20449,538,96
2018-10-19,2018,20019,490,96
2018-10-20,2018,18905,315,96
2018-10-21,2018,24879,440,96
2018-10-22,2018,20693,513,97
2018-10-23,2018,8410,466,93
2018-10-24,2018,27488,544,96
2018-10-25,2018,19483,522,95
2018-10-26,2018,22594,532,94
2018-10-27,2018,26041,556,93
2018-10-28,2018,21531,500,93
2018-10-29,2018,24460,500,92
2018-10-30,2018,17657,535,93
2018-10-31,2018,21798,467,93
2018-11-01,2018,24147,336,97
2018-11-02,2018,22290,434,94
2018-11-03,2018,21589,464,93
2018-11-04,2018,10795,555,95
2018-11-05,2018,27883,454,97
2018-11-06,2018,7438,442,92
2018-11-07,2018,24507,524,97
2018-11-08,2018,22589,514,96
2018-11-09,2018,22185,538,95
2018-11-10,2018,21470,540,93
2018-11-10,2018,21470,540,93
2018-11-11,2018,21408,556,95
2018-11-12,2018,12791,484,94
2018-11-13,2018,19334,555,95
2018-11-14,2018,24210,521,94
2018-11-15,2018,21721,410,94
2018-11-16,2018,18271,505,97
2018-11-17,2018,22733,376,97
2018-11-18,2018,23679,424,97
2018-11-19,2018,22310,472,97
2018-11-20,2018,6766,557,94
2018-11-21,2018,25443,483,94
2018-11-22,2018,26938,571,94
2018-11-23,2018,30976,489,97
2018-11-24,2018,25125,588,93
2018-11-25,2018,28847,485,94
2018-11-26,2018,10064,584,94
2018-11-27,2018,24577,423,94
2018-11-28,2018,27817,502,96
2018-11-29,2018,21767,467,99
2018-11-30,2018,19354,600,90
2018-12-01,2018,23067,394,99
2018-12-02,2018,11611,456,96
2018-12-03,2018,21552,517,97
2018-12-04,2018,16883,491,96
2018-12-05,2018,19472,494,96
2018-12-06,2018,26305,427,92
2018-12-07,2018,21961,465,95
2018-12-08,2018,21532,535,96
2018-12-09,2018,12602,537,95
2018-12-10,2018,26803,485,93
2018-12-10,2018,26803,485,93
2018-12-11,2018,24582,479,92
2018-12-12,2018,18857,497,97
2018-12-13,2018,22498,312,95
2018-12-14,2018,20059,481,95
2018-12-15,2018,23245,507,94
2018-12-16,2018,6629,461,96
2018-12-17,2018,23695,562,94
2018-12-18,2018,20081,516,95
2018-12-19,2018,23371,544,93
2018-12-20,2018,20037,483,96
2018-12-21,2018,13718,467,97
2018-12-22,2018,21683,242,99
2018-12-23,2018,24785,538,96
2018-12-24,2018,21030,457,97
2018-12-25,2018,10991,470,95
2018-12-26,2018,20704,457,96
2018-12-27,2018,26143,437,95
2018-12-28,2018,21912,434,94
2018-12-29,2018,28583,431,95
2018-12-30,2018,16129,536,97
2018-12-31,2018,12173,512,96
2019-01-01,2019,29952,449,96
2019-01-02,2019,22997,515,96
2019-01-03,2019,28130,346,96
2019-01-04,2019,23504,441,96
2019-01-05,2019,27974,453,95
2019-01-06,2019,20998,504,96
2019-01-07,2019,7078,478,91
2019-01-08,2019,16062,481,94
2019-01-09,2019,19893,530,95
2019-01-09,2019,19893,530,95
2019-01-10,2019,27809,496,94
2019-01-11,2019,20107,504,95
2019-01-12,2019,20862,417,95
2019-01-13,2019,11246,529,95
2019-01-14,2019,24718,384,98
2019-01-15,2019,21274,477,94
2019-01-16,2019,24424,494,94
2019-01-17,2019,17141,544,89
2019-01-18,2019,20401,549,96
2019-01-19,2019,19169,504,96
2019-01-20,2019,19732,529,93
2019-01-21,2019,24968,425,96
2019-01-22,2019,23307,487,95
2019-01-23,2019,11780,452,95
2019-01-24,2019,25114,395,98
2019-01-25,2019,21364,506,97
2019-01-26,2019,22593,434,95
2019-01-27,2019,23799,590,95
2019-01-28,2019,20818,465,94
2019-01-29,2019,21930,508,94
2019-01-30,2019,11320,529,96
2019-01-31,2019,26676,503,92
2019-02-01,2019,19412,502,93
2019-02-02,2019,18229,494,95
2019-02-03,2019,24455,504,96
2019-02-04,2019,22709,508,95
2019-02-05,2019,10363,507,94
2019-02-06,2019,19461,600,95
2019-02-07,2019,22597,523,96
2019-02-08,2019,20627,517,98
2019-02-08,2019,20627,517,98
2019-02-09,2019,24590,494,96
2019-02-10,2019,11059,543,96
2019-02-11,2019,20486,518,95
2019-02-12,2019,21438,555,96
2019-02-13,2019,21053,538,97
2019-02-14,2019,27329,470,93
2019-02-15,2019,20112,549,98
2019-02-16,2019,14775,565,97
2019-02-17,2019,24156,501,95
2019-02-18,2019,19967,572,93
2019-02-19,2019,24445,503,95
2019-02-20,2019,17193,491,94
2019-02-21,2019,22410,471,95
2019-02-22,2019,20613,452,97
2019-02-23,2019,12412,508,95
2019-02-24,2019,19014,483,96
2019-02-25,2019,18470,500,97
2019-02-26,2019,17685,514,97
2019-02-27,2019,31712,514,97
2019-02-28,2019,17364,499,96
2019-03-01,2019,22644,489,96
2019-03-02,2019,9850,515,96
2019-03-03,2019,20428,468,97
2019-03-04,2019,21565,378,95
2019-03-05,2019,29283,493,94
2019-03-06,2019,21350,520,95
2019-03-07,2019,21366,521,95
2019-03-08,2019,21797,598,96
2019-03-09,2019,12565,478,94
2019-03-10,2019,22645,553,98
2019-03-10,2019,22645,553,98
2019-03-11,2019,20340,454,96
2019-03-12,2019,23181,455,98
2019-03-13,2019,20900,594,97
2019-03-14,2019,20106,522,96
2019-03-15,2019,27208,569,98
2019-03-16,2019,9824,525,94
2019-03-17,2019,22222,584,93
2019-03-18,2019,18183,522,96
2019-03-19,2019,20261,523,95
2019-03-20,2019,21904,513,93
2019-03-21,2019,18643,477,95
2019-03-22,2019,11766,531,94
2019-03-23,2019,23178,453,94
2019-03-24,2019,24936,498,94
2019-03-25,2019,25117,432,95
2019-03-26,2019,22141,480,96
2019-03-27,2019,22417,466,94
2019-03-28,2019,13368,488,97
2019-03-29,2019,24393,433,92
2019-03-30,2019,23834,411,93
2019-03-31,2019,23207,434,93
2019-04-01,2019,19513,456,95
2019-04-02,2019,22396,488,94
2019-04-03,2019,16909,503,95
2019-04-04,2019,14858,386,91
2019-04-05,2019,23979,507,93
2019-04-06,2019,21760,465,96
2019-04-07,2019,16855,423,94
2019-04-08,2019,26010,492,96
2019-04-09,2019,20691,441,92
2019-04-09,2019,20691,441,92
2019-04-10,2019,9712,498,92
2019-04-11,2019,25898,473,96
2019-04-12,2019,22274,512,91
2019-04-13,2019,27414,464,94
2019-04-14,2019,27659,538,92
2019-04-15,2019,13823,427,95
2019-04-16,2019,19625,462,94
2019-04-17,2019,19827,477,88
2019-04-18,2019,21183,533,95
2019-04-19,2019,17848,471,94
2019-04-20,2019,13661,478,92
2019-04-21,2019,25872,449,94
2019-04-22,2019,19571,458,97
2019-04-23,2019,20307,470,97
2019-04-24,2019,22163,519,92
2019-04-25,2019,21653,524,92
2019-04-26,2019,9463,473,94
2019-04-27,2019,19823,486,93
2019-04-28,2019,25211,543,91
2019-04-29,2019,20992,455,92
2019-04-30,2019,19948,495,96
2019-05-01,2019,17731,488,98
2019-05-02,2019,21795,476,96
2019-05-03,2019,13608,478,93
2019-05-04,2019,24635,477,97
2019-05-05,2019,25325,463,97
2019-05-06,2019,19979,424,97
2019-05-07,2019,21717,474,95
2019-05-08,2019,21237,436,95
2019-05-09,2019,9970,556,97
2019-05-09,2019,9970,556,97
2019-05-10,2019,19384,474,94
2019-05-11,2019,28391,439,94
2019-05-12,2019,28362,436,98
2019-05-13,2019,20775,494,93
2019-05-14,2019,21428,487,95
2019-05-15,2019,14518,475,93
2019-05-16,2019,23803,447,95
2019-05-17,2019,21218,462,95
2019-05-18,2019,20333,500,95
2019-05-19,2019,22191,517,96
2019-05-20,2019,17148,455,90
2019-05-21,2019,20935,421,98
2019-05-22,2019,12134,425,94
2019-05-23,2019,20103,523,97
2019-05-24,2019,18310,510,97
2019-05-25,2019,23901,462,96
2019-05-26,2019,23238,460,96
2019-05-27,2019,25009,418,94
2019-05-28,2019,8837,524,96
2019-05-29,2019,28498,417,93
2019-05-30,2019,22882,422,96
2019-05-31,2019,10939,508,98
2019-06-01,2019,22998,450,95
2019-06-02,2019,27215,425,95
2019-06-03,2019,19426,421,97
2019-06-04,2019,11265,455,96
2019-06-05,2019,19908,489,96
2019-06-06,2019,23105,562,95
2019-06-07,2019,23949,438,94
2019-06-08,2019,11407,498,95
2019-06-08,2019,11407,498,95
2019-06-09,2019,22413,428,90
2019-06-10,2019,24135,478,95
2019-06-11,2019,25300,272,95
2019-06-12,2019,24155,373,96
2019-06-13,2019,25295,469,95
2019-06-14,2019,10048,483,94
2019-06-15,2019,22708,479,98
2019-06-16,2019,23901,99,91
2019-06-16,2019,23901,479,97
2019-06-17,2019,18894,486,96
2019-06-18,2019,24140,504,95
2019-06-19,2019,21674,525,98
2019-06-20,2019,11686,525,94
2019-06-21,2019,25353,501,96
2019-06-22,2019,29864,443,96
2019-06-23,2019,27276,481,92
2019-06-24,2019,23727,302,91
2019-06-25,2019,20642,569,96
2019-06-26,2019,12088,524,95
2019-06-27,2019,23920,442,95
2019-06-28,2019,25735,475,96
2019-06-29,2019,21519,470,94
2019-06-30,2019,25386,430,94
2019-07-01,2019,24176,323,95
2019-07-02,2019,12567,511,96
2019-07-03,2019,24645,469,96
2019-07-04,2019,23849,445,95
2019-07-05,2019,21646,432,94
2019-07-06,2019,22487,530,94
2019-07-07,2019,13747,461,96
2019-07-08,2019,25328,467,98
2019-07-08,2019,25328,467,98
2019-07-09,2019,22903,447,94
2019-07-10,2019,23204,489,98
2019-07-11,2019,14604,504,95
2019-07-12,2019,27939,459,94
2019-07-13,2019,19966,469,96
2019-07-14,2019,22845,611,97
2019-07-15,2019,18581,480,94
2019-07-16,2019,12907,432,96
2019-07-17,2019,22762,533,95
2019-07-18,2019,22256,506,93
2019-07-19,2019,12220,477,95
2019-07-20,2019,19970,524,95
2019-07-21,2019,21730,519,96
2019-07-22,2019,19814,424,94
2019-07-23,2019,21637,506,95
2019-07-24,2019,7570,474,90
2019-07-25,2019,18857,534,94
2019-07-26,2019,23654,448,92
2019-07-27,2019,21873,485,95
2019-07-28,2019,24737,477,94
2019-07-29,2019,21088,481,96
2019-07-30,2019,18675,553,95
2019-07-31,2019,28493,481,95
2019-08-01,2019,24477,545,97
2019-08-02,2019,21203,386,92
2019-08-03,2019,17513,534,96
2019-08-04,2019,12227,547,93
2019-08-05,2019,24741,469,98
2019-08-06,2019,28799,436,94
2019-08-07,2019,20598,556,98
2019-08-07,2019,20598,556,98
2019-08-08,2019,18311,541,95
2019-08-09,2019,13381,495,94
2019-08-10,2019,22925,53,87
2019-08-10,2019,22925,479,96
2019-08-11,2019,22247,555,98
2019-08-12,2019,27335,533,95
